#Instance	Encoding	Solver	RECONGO_RESULT	Last_SAT_Step	Last_Step	RESULT	CPUTime	TIMELIMIT	Models	Calls	Choices	Conflicts	Restarts	Variables	Constraints
1-FullIns_3_reachable_01	longest_d1d2	recongo_compet2023	REACH	1	2	UNSAT	0.007	0	1	3	13	9	0	877	2197
1-FullIns_4_reachable_01	longest_d1d2	recongo_compet2023	REACH	1	2	UNSAT	0.013	0	1	3	52	13	0	2201	5359
1-FullIns_5_reachable_01	longest_d1d2	recongo_compet2023	REACH	1	2	UNSAT	0.048	0	1	3	302	61	0	7630	18742
1-Insertions_4_reachable_01	longest_d1d2	recongo_compet2023	REACH	120	121	UNKN	1799.733	1	116+	122	29816322	5851304	15195	1068621	3758755
1-Insertions_4_reachable_02	longest_d1d2	recongo_compet2023	REACH	124	124	UNKN	1799.778	1	120+	126	23898134	5608135	14735	1089117	3777449
1-Insertions_4_reachable_03	longest_d1d2	recongo_compet2023	REACH	120	121	UNKN	1799.791	1	116+	122	17783357	5399972	14615	1018623	3496397
1-Insertions_4_reachable_04	longest_d1d2	recongo_compet2023	REACH	125	126	UNKN	1799.783	1	121+	127	27247445	5738619	14789	1124368	3938940
1-Insertions_4_reachable_05	longest_d1d2	recongo_compet2023	REACH	121	122	UNKN	1799.797	1	117+	123	18155181	5432746	14720	1021770	3467558
1-Insertions_4_reachable_06	longest_d1d2	recongo_compet2023	REACH	128	129	UNKN	1799.782	1	124+	130	28748727	5853285	15129	1163920	4087658
1-Insertions_4_reachable_07	longest_d1d2	recongo_compet2023	REACH	128	129	UNKN	1799.772	1	124+	130	30470702	5962043	14852	1191894	4229799
1-Insertions_4_reachable_08	longest_d1d2	recongo_compet2023	REACH	130	131	UNKN	1799.791	1	126+	132	19894208	5359783	14207	1171480	4064861
1-Insertions_4_reachable_09	longest_d1d2	recongo_compet2023	REACH	119	120	UNKN	1799.814	1	115+	121	14578029	4889022	13706	981628	3308403
1-Insertions_4_reachable_10	longest_d1d2	recongo_compet2023	REACH	134	135	UNKN	1799.787	1	130+	136	22260333	5604411	15097	1257869	4405942
1-Insertions_5_reachable_01	longest_d1d2	recongo_compet2023	REACH	23	20	UNKN	1799.847	1	17+	25	14173514	13471243	30878	250129	720597
1-Insertions_5_reachable_02	longest_d1d2	recongo_compet2023	REACH	24	25	UNKN	1799.835	1	18+	26	13537280	12857256	29808	265975	782396
1-Insertions_5_reachable_03	longest_d1d2	recongo_compet2023	REACH	24	25	UNKN	1799.848	1	18+	26	14189983	13485531	30714	266037	782100
1-Insertions_5_reachable_04	longest_d1d2	recongo_compet2023	REACH	53	54	UNKN	1799.795	1	47+	55	18301361	13389216	30554	900116	3094653
1-Insertions_5_reachable_05	longest_d1d2	recongo_compet2023	REACH	22	21	UNKN	1799.843	1	16+	24	13725611	13052397	28220	234887	681002
1-Insertions_5_reachable_06	longest_d1d2	recongo_compet2023	REACH	24	25	UNKN	1799.824	1	18+	26	12747965	12130319	27022	266025	773813
1-Insertions_5_reachable_07	longest_d1d2	recongo_compet2023	REACH	24	25	UNKN	1799.845	1	18+	26	13842568	13136366	29545	266271	786013
1-Insertions_5_reachable_08	longest_d1d2	recongo_compet2023	REACH	23	24	UNKN	1799.813	1	17+	25	13686286	13032943	29624	249741	715888
1-Insertions_5_reachable_09	longest_d1d2	recongo_compet2023	REACH	23	24	UNKN	1799.837	1	17+	25	13496184	12854963	28727	250587	726211
1-Insertions_5_reachable_10	longest_d1d2	recongo_compet2023	REACH	24	25	UNKN	1799.843	1	18+	26	13743273	13078791	29593	266135	779477
2-FullIns_3_reachable_01	longest_d1d2	recongo_compet2023	REACH	11	23	UNSAT	7.708	0	9	24	101354	77749	418	43820	107495
2-FullIns_3_reachable_02	longest_d1d2	recongo_compet2023	REACH	11	23	UNSAT	6.122	0	9	24	65755	50957	285	46472	135909
2-FullIns_3_reachable_03	longest_d1d2	recongo_compet2023	REACH	11	23	UNSAT	6.092	0	9	24	86604	66676	377	43682	113296
2-FullIns_3_reachable_04	longest_d1d2	recongo_compet2023	REACH	11	23	UNSAT	7.711	0	9	24	98926	76968	407	44938	120943
2-FullIns_3_reachable_05	longest_d1d2	recongo_compet2023	REACH	11	23	UNSAT	6.580	0	9	24	74093	57245	312	46212	129764
2-FullIns_3_reachable_06	longest_d1d2	recongo_compet2023	REACH	11	23	UNSAT	8.466	0	9	24	105086	81837	431	45388	119202
2-FullIns_3_reachable_07	longest_d1d2	recongo_compet2023	REACH	11	23	UNSAT	7.317	0	9	24	98281	76411	427	44378	99482
2-FullIns_3_reachable_08	longest_d1d2	recongo_compet2023	REACH	11	23	UNSAT	7.329	0	9	24	93258	71914	411	45344	123323
2-FullIns_3_reachable_09	longest_d1d2	recongo_compet2023	REACH	11	23	UNSAT	8.930	0	9	24	116679	89948	487	44468	108104
2-FullIns_3_reachable_10	longest_d1d2	recongo_compet2023	REACH	11	23	UNSAT	6.654	0	9	24	84767	63675	358	44581	118155
2-FullIns_4_reachable_01	longest_d1d2	recongo_compet2023	REACH	7	63	UNSAT	25.422	0	3	64	144969	125794	753	1150126	4017157
2-FullIns_4_reachable_02	longest_d1d2	recongo_compet2023	REACH	7	63	UNSAT	51.826	0	3	64	412636	369859	1616	1156939	4020959
2-FullIns_4_reachable_03	longest_d1d2	recongo_compet2023	REACH	7	63	UNSAT	34.850	0	3	64	273881	241754	1166	1156741	4040265
2-FullIns_4_reachable_04	longest_d1d2	recongo_compet2023	REACH	7	63	UNSAT	28.017	0	3	64	138828	119323	716	1163372	4058155
2-FullIns_4_reachable_05	longest_d1d2	recongo_compet2023	REACH	7	63	UNSAT	110.379	0	3	64	1001293	901239	3690	1166307	4077779
2-FullIns_4_reachable_06	longest_d1d2	recongo_compet2023	REACH	7	63	UNSAT	78.661	0	3	64	766722	699686	3133	1069941	3434053
2-FullIns_4_reachable_07	longest_d1d2	recongo_compet2023	REACH	7	63	UNSAT	58.222	0	3	64	593548	544712	2136	1167174	4077430
2-FullIns_4_reachable_08	longest_d1d2	recongo_compet2023	REACH	7	63	UNSAT	146.966	0	3	64	1325217	1208251	4461	1102394	3737437
2-FullIns_4_reachable_09	longest_d1d2	recongo_compet2023	REACH	7	63	UNSAT	32.994	0	3	64	204632	176284	969	1145632	3931221
2-FullIns_4_reachable_10	longest_d1d2	recongo_compet2023	REACH	7	63	UNSAT	24.779	0	3	64	113816	96868	582	1143583	4001331
2-Insertions_3_reachable_01	longest_d1d2	recongo_compet2023	REACH	200	201	UNKN	1799.756	1	191+	202	22965799	5997145	15623	1683843	6334000
2-Insertions_3_reachable_02	longest_d1d2	recongo_compet2023	REACH	198	198	UNKN	1799.759	1	189+	200	23434794	6063471	16297	1655935	6224833
2-Insertions_3_reachable_03	longest_d1d2	recongo_compet2023	REACH	199	200	UNKN	1799.762	1	190+	201	23332077	6281241	16211	1666441	6262687
2-Insertions_3_reachable_04	longest_d1d2	recongo_compet2023	REACH	204	205	UNKN	1799.762	1	195+	206	22780106	5323196	14146	1744240	6561717
2-Insertions_3_reachable_05	longest_d1d2	recongo_compet2023	REACH	205	206	UNKN	1799.767	1	196+	207	23593498	5890305	15784	1764740	6641466
2-Insertions_3_reachable_06	longest_d1d2	recongo_compet2023	REACH	194	195	UNKN	1799.762	1	185+	196	22600273	6223263	16071	1587814	5962856
2-Insertions_3_reachable_07	longest_d1d2	recongo_compet2023	REACH	196	196	UNKN	1799.762	1	187+	198	22840629	5421337	14176	1624559	6102860
2-Insertions_3_reachable_08	longest_d1d2	recongo_compet2023	REACH	201	202	UNKN	1799.754	1	192+	203	22907163	5929574	15215	1696451	6379404
2-Insertions_3_reachable_09	longest_d1d2	recongo_compet2023	REACH	200	201	UNKN	1799.761	1	191+	202	23012762	5652607	14995	1680857	6322519
2-Insertions_3_reachable_10	longest_d1d2	recongo_compet2023	REACH	198	199	UNKN	1799.761	1	189+	200	22660728	5701024	15086	1653566	6216275
3-FullIns_3_reachable_01	longest_d1d2	recongo_compet2023	REACH	15	59	UNSAT	28.738	0	6	60	349521	297714	1594	350709	1134811
3-FullIns_3_reachable_02	longest_d1d2	recongo_compet2023	REACH	15	59	UNSAT	49.974	0	6	60	454860	375283	1712	344676	1105501
3-FullIns_3_reachable_03	longest_d1d2	recongo_compet2023	REACH	15	59	UNSAT	98.434	0	6	60	843977	698118	3163	375124	1268405
3-FullIns_3_reachable_04	longest_d1d2	recongo_compet2023	REACH	15	59	UNSAT	48.255	0	6	60	472056	388043	1920	348934	1125223
3-FullIns_4_reachable_01	longest_d1d2	recongo_compet2023	REACH	7	79	UNSAT	409.104	0	3	80	2447008	2241170	6573	3585835	12609930
3-FullIns_4_reachable_02	longest_d1d2	recongo_compet2023	REACH	7	79	UNSAT	672.884	0	3	80	3441462	3143526	9699	3529147	12280363
3-FullIns_4_reachable_03	longest_d1d2	recongo_compet2023	REACH	7	54	UNKN	1799.809	1	3+	55	10966805	10062538	26088	3422713	11799490
3-FullIns_4_reachable_04	longest_d1d2	recongo_compet2023	REACH	7	71	UNKN	1799.791	1	3+	72	10319047	9595308	25011	2882001	9752601
3-FullIns_4_reachable_05	longest_d1d2	recongo_compet2023	REACH	7	79	UNSAT	1425.488	0	3	80	7034414	6526986	14798	3516912	11732913
3-FullIns_4_reachable_06	longest_d1d2	recongo_compet2023	REACH	7	52	UNKN	1799.801	1	3+	53	11058701	9758511	24604	3541561	12334734
3-FullIns_4_reachable_07	longest_d1d2	recongo_compet2023	REACH	7	79	UNSAT	372.085	0	3	80	2823155	2626015	7090	3308211	11340878
3-FullIns_4_reachable_08	longest_d1d2	recongo_compet2023	REACH	7	79	UNSAT	1352.115	0	3	80	8619754	8003353	19923	3273297	10598878
3-FullIns_4_reachable_09	longest_d1d2	recongo_compet2023	REACH	7	57	UNSAT	1348.999	1	3	80	6967734	6429756	16215	3424301	11373167
3-FullIns_4_reachable_10	longest_d1d2	recongo_compet2023	REACH	7	79	UNSAT	49.675	0	3	80	31843	26327	146	3619993	12854938
3-Insertions_3_reachable_01	longest_d1d2	recongo_compet2023	REACH	137	138	UNKN	1799.797	1	118+	139	17423998	9418265	24211	1295576	4667366
3-Insertions_3_reachable_02	longest_d1d2	recongo_compet2023	REACH	130	131	UNKN	1799.802	1	111+	132	16410015	9766515	24475	1178769	4218493
3-Insertions_3_reachable_03	longest_d1d2	recongo_compet2023	REACH	162	163	UNKN	1799.776	1	143+	164	21259874	7976033	21642	1769811	6488897
3-Insertions_3_reachable_04	longest_d1d2	recongo_compet2023	REACH	161	162	UNKN	1799.776	1	142+	163	22280155	7131560	19863	1751834	6418584
3-Insertions_3_reachable_05	longest_d1d2	recongo_compet2023	REACH	168	169	UNKN	1799.764	1	149+	170	21050838	7467687	20493	1883629	6925083
3-Insertions_3_reachable_06	longest_d1d2	recongo_compet2023	REACH	147	148	UNKN	1799.776	1	128+	149	21412600	8078630	21585	1475926	5381844
3-Insertions_3_reachable_07	longest_d1d2	recongo_compet2023	REACH	115	116	UNKN	1799.814	1	96+	117	15241342	10233202	25071	939276	3327728
3-Insertions_3_reachable_08	longest_d1d2	recongo_compet2023	REACH	167	168	UNKN	1799.779	1	148+	169	22170575	6322584	18042	1874296	6893142
3-Insertions_3_reachable_09	longest_d1d2	recongo_compet2023	REACH	153	154	UNKN	1799.780	1	134+	155	20805352	7297107	20136	1599224	5828196
3-Insertions_3_reachable_10	longest_d1d2	recongo_compet2023	REACH	163	164	UNKN	1799.770	1	144+	165	21424091	6917322	19254	1800760	6601875
4-FullIns_3_reachable_01	longest_d1d2	recongo_compet2023	REACH	82	83	UNKN	1799.807	1	71+	84	8546283	5509664	16538	798797	1423773
4-FullIns_3_reachable_02	longest_d1d2	recongo_compet2023	REACH	81	82	UNKN	1799.808	1	70+	83	8623391	5609257	16855	794762	1388747
4-FullIns_3_reachable_03	longest_d1d2	recongo_compet2023	REACH	83	84	UNKN	1799.810	1	72+	85	8432918	5307397	15804	813045	1434164
4-FullIns_3_reachable_04	longest_d1d2	recongo_compet2023	REACH	87	88	UNKN	1799.786	1	76+	89	8445599	5315558	16483	890261	1643828
4-FullIns_3_reachable_05	longest_d1d2	recongo_compet2023	REACH	83	84	UNKN	1799.812	1	72+	85	8254509	5174856	16117	840698	1485010
4-FullIns_3_reachable_06	longest_d1d2	recongo_compet2023	REACH	86	87	UNKN	1799.796	1	75+	88	8251799	5130529	15994	870823	1554630
4-FullIns_3_reachable_07	longest_d1d2	recongo_compet2023	REACH	86	87	UNKN	1799.811	1	75+	88	8240214	5168645	15810	879287	1562005
4-FullIns_3_reachable_08	longest_d1d2	recongo_compet2023	REACH	80	81	UNKN	1799.814	1	69+	82	8085706	5070902	15027	771842	1338942
4-FullIns_3_reachable_09	longest_d1d2	recongo_compet2023	REACH	82	83	UNKN	1799.803	1	71+	84	8360527	5267841	15561	800409	1434146
4-FullIns_3_reachable_10	longest_d1d2	recongo_compet2023	REACH	83	84	UNKN	1799.804	1	72+	85	8210892	5115464	15867	837474	1467215
4-Insertions_3_reachable_01	longest_d1d2	recongo_compet2023	REACH	7	85	UNKN	1799.806	1	3+	86	18206597	16964520	35147	1169994	4093153
4-Insertions_3_reachable_02	longest_d1d2	recongo_compet2023	REACH	7	103	UNSAT	731.948	0	3	104	9380181	8678248	20000	1149871	3993711
4-Insertions_3_reachable_03	longest_d1d2	recongo_compet2023	REACH	7	103	UNSAT	75.014	0	3	104	1292236	1185708	3481	1166563	4153430
4-Insertions_3_reachable_04	longest_d1d2	recongo_compet2023	REACH	7	103	UNSAT	1569.439	0	3	104	18738764	17334387	41756	1161775	4007972
4-Insertions_3_reachable_05	longest_d1d2	recongo_compet2023	REACH	7	95	UNKN	1799.780	1	3+	96	18294816	17041830	35492	1030936	4178150
4-Insertions_3_reachable_06	longest_d1d2	recongo_compet2023	REACH	7	103	UNSAT	404.715	0	3	104	6255798	5804560	15598	1167962	4132246
4-Insertions_3_reachable_07	longest_d1d2	recongo_compet2023	REACH	7	103	UNSAT	151.204	0	3	104	2592131	2388536	6260	1167649	4138860
4-Insertions_3_reachable_08	longest_d1d2	recongo_compet2023	REACH	7	103	UNSAT	1402.338	0	3	104	16107981	14964992	36513	1152165	3980087
4-Insertions_3_reachable_09	longest_d1d2	recongo_compet2023	REACH	7	103	UNSAT	212.912	0	3	104	3483716	3217438	8399	1188042	4234665
4-Insertions_3_reachable_10	longest_d1d2	recongo_compet2023	REACH	7	103	UNSAT	69.139	0	3	104	1054161	973388	2489	1177554	4206912
5-FullIns_3_reachable_01	longest_d1d2	recongo_compet2023	REACH	2	5	UNSAT	0.081	0	1	6	934	658	6	25077	64227
5-FullIns_3_reachable_02	longest_d1d2	recongo_compet2023	REACH	2	5	UNSAT	0.241	0	1	6	5058	4278	28	25078	69073
anna_reachable_01	longest_d1d2	recongo_compet2023	REACH	57	58	UNKN	1799.846	1	26+	59	11545372	7810344	20024	518477	455520
anna_reachable_02	longest_d1d2	recongo_compet2023	REACH	55	56	UNKN	1799.824	1	25+	57	11996230	8241408	20994	495458	433943
anna_reachable_03	longest_d1d2	recongo_compet2023	REACH	55	56	UNKN	1799.843	1	25+	57	11602695	7815293	20215	488226	451614
anna_reachable_04	longest_d1d2	recongo_compet2023	REACH	55	56	UNKN	1799.843	1	25+	57	11178699	7612079	19655	497722	464251
anna_reachable_05	longest_d1d2	recongo_compet2023	REACH	57	58	UNKN	1799.845	1	26+	59	11706632	7911417	20534	521933	432579
anna_reachable_06	longest_d1d2	recongo_compet2023	REACH	55	54	UNKN	1799.841	1	25+	57	12326410	8356533	21488	477893	450978
anna_reachable_07	longest_d1d2	recongo_compet2023	REACH	53	52	UNKN	1799.839	1	24+	55	11805765	8288603	20665	486680	440971
anna_reachable_08	longest_d1d2	recongo_compet2023	REACH	57	58	UNKN	1799.828	1	26+	59	11387760	7641832	19985	520370	454461
anna_reachable_09	longest_d1d2	recongo_compet2023	REACH	55	56	UNKN	1799.840	1	25+	57	12157263	8256627	21436	490596	408576
anna_reachable_10	longest_d1d2	recongo_compet2023	REACH	53	54	UNKN	1799.833	1	24+	55	10442320	7326564	19338	483113	423798
david_reachable_01	longest_d1d2	recongo_compet2023	REACH	5	5	SAT	0.028	0	5+	6	58	16	0	5877	16849
david_reachable_02	longest_d1d2	recongo_compet2023	REACH	5	5	SAT	0.029	0	5+	6	58	12	0	5869	16849
david_reachable_03	longest_d1d2	recongo_compet2023	REACH	5	5	SAT	0.030	0	5+	6	93	20	0	5857	16193
david_reachable_04	longest_d1d2	recongo_compet2023	REACH	5	5	SAT	0.028	0	5+	6	61	16	0	5868	16849
david_reachable_05	longest_d1d2	recongo_compet2023	REACH	5	5	SAT	0.030	0	5+	6	64	27	0	5861	15556
david_reachable_06	longest_d1d2	recongo_compet2023	REACH	5	5	SAT	0.030	0	5+	6	71	25	0	5873	16201
david_reachable_07	longest_d1d2	recongo_compet2023	REACH	5	5	SAT	0.029	0	5+	6	84	20	0	5865	16193
david_reachable_08	longest_d1d2	recongo_compet2023	REACH	5	5	SAT	0.029	0	5+	6	52	20	0	5888	15523
david_reachable_09	longest_d1d2	recongo_compet2023	REACH	5	5	SAT	0.029	0	5+	6	70	16	0	5890	16198
david_reachable_10	longest_d1d2	recongo_compet2023	REACH	5	5	SAT	0.029	0	5+	6	61	16	0	5866	16849
DSJC1000.9_reachable_01	longest_d1d2	recongo_compet2023	REACH	1	20	UNSAT	41.023	0	1	21	1960	1920	12	578946	2006507
DSJC1000.9_reachable_02	longest_d1d2	recongo_compet2023	REACH	1	20	UNSAT	40.863	0	1	21	1868	1826	12	578112	2010448
DSJC125.5_reachable_01	longest_d1d2	recongo_compet2023	REACH	26	27	UNKN	1799.807	1	4+	28	5924467	5654961	14862	120238	332712
DSJC125.9_reachable_01	longest_d1d2	recongo_compet2023	REACH	265	266	UNKN	1799.397	1	263+	267	39014603	93055	541	9210254	36166211
DSJC125.9_reachable_02	longest_d1d2	recongo_compet2023	REACH	282	283	UNKN	1799.425	1	280+	284	35280777	84262	482	10404272	40888944
DSJC125.9_reachable_03	longest_d1d2	recongo_compet2023	REACH	254	255	UNKN	1799.513	1	252+	256	36828876	116565	631	8474807	33261600
DSJC125.9_reachable_04	longest_d1d2	recongo_compet2023	REACH	277	278	UNKN	1799.448	1	275+	279	30889397	71569	417	10045685	39470361
DSJC125.9_reachable_05	longest_d1d2	recongo_compet2023	REACH	272	273	UNKN	1799.516	1	270+	274	31606716	63632	365	9693019	38076773
DSJC125.9_reachable_06	longest_d1d2	recongo_compet2023	REACH	285	286	UNKN	1799.411	1	283+	287	30052311	56878	323	10623065	41755190
DSJC125.9_reachable_07	longest_d1d2	recongo_compet2023	REACH	266	267	UNKN	1799.502	1	264+	268	29627309	115741	626	9275704	36425640
DSJC125.9_reachable_08	longest_d1d2	recongo_compet2023	REACH	269	270	UNKN	1799.458	1	267+	271	33704772	73096	447	9484441	37252977
DSJC125.9_reachable_09	longest_d1d2	recongo_compet2023	REACH	264	265	UNKN	1799.509	1	262+	266	32069117	81297	475	9139781	35889487
DSJC125.9_reachable_10	longest_d1d2	recongo_compet2023	REACH	291	292	UNKN	1799.414	1	289+	293	32610800	68539	375	11067112	43510312
DSJC250.9_reachable_01	longest_d1d2	recongo_compet2023	REACH	147	148	UNKN	1799.651	1	144+	149	69581318	1010140	3969	5828439	22704101
DSJC250.9_reachable_02	longest_d1d2	recongo_compet2023	REACH	147	148	UNKN	1799.641	1	144+	149	68561453	1014997	3935	5828173	22703720
DSJC250.9_reachable_03	longest_d1d2	recongo_compet2023	REACH	147	148	UNKN	1799.619	1	144+	149	70552095	1016220	3985	5828177	22701930
DSJC250.9_reachable_04	longest_d1d2	recongo_compet2023	REACH	148	149	UNKN	1799.630	1	145+	150	68920926	948987	3750	5904671	23004512
DSJC250.9_reachable_05	longest_d1d2	recongo_compet2023	REACH	148	149	UNKN	1799.640	1	145+	150	69231963	960019	3819	5904967	23002494
DSJC250.9_reachable_06	longest_d1d2	recongo_compet2023	REACH	148	149	UNKN	1799.625	1	145+	150	67655447	928825	3649	5904951	23004020
DSJC250.9_reachable_07	longest_d1d2	recongo_compet2023	REACH	148	149	UNKN	1799.591	1	145+	150	67370021	926441	3567	5902292	22992074
DSJC250.9_reachable_08	longest_d1d2	recongo_compet2023	REACH	147	148	UNKN	1799.648	1	144+	149	68444059	971139	3760	5827917	22700821
DSJC250.9_reachable_09	longest_d1d2	recongo_compet2023	REACH	148	149	UNKN	1799.619	1	145+	150	69842600	971099	3943	5904832	23004266
DSJC250.9_reachable_10	longest_d1d2	recongo_compet2023	REACH	143	144	UNKN	1799.639	1	140+	145	54938891	1278195	4507	5508605	21435399
DSJC500.9_reachable_01	longest_d1d2	recongo_compet2023	REACH	24	25	UNKN	1799.801	1	17+	26	2940765	2726330	7149	413411	1428110
DSJC500.9_reachable_02	longest_d1d2	recongo_compet2023	REACH	23	24	UNKN	1799.806	1	16+	25	3718493	2674259	6968	386961	1341554
DSJC500.9_reachable_03	longest_d1d2	recongo_compet2023	REACH	22	23	UNKN	1799.809	1	15+	24	2959652	2758775	6991	384486	1324568
DSJC500.9_reachable_04	longest_d1d2	recongo_compet2023	REACH	22	23	UNKN	1799.808	1	15+	24	2870418	2673602	7443	366569	1285190
DSJC500.9_reachable_05	longest_d1d2	recongo_compet2023	REACH	23	24	UNKN	1799.804	1	16+	25	2959016	2760551	7453	415290	1430420
DSJC500.9_reachable_06	longest_d1d2	recongo_compet2023	REACH	23	24	UNKN	1799.775	1	16+	25	2917086	2706683	7269	383427	1318573
DSJC500.9_reachable_07	longest_d1d2	recongo_compet2023	REACH	23	24	UNKN	1799.806	1	16+	25	2962886	2751184	7205	385637	1322126
DSJC500.9_reachable_08	longest_d1d2	recongo_compet2023	REACH	23	24	UNKN	1799.801	1	16+	25	2832684	2630419	7253	391817	1353157
DSJC500.9_reachable_09	longest_d1d2	recongo_compet2023	REACH	32	33	UNKN	1799.788	1	25+	34	17058490	3712762	9519	682392	2469527
DSJC500.9_reachable_10	longest_d1d2	recongo_compet2023	REACH	27	28	UNKN	1799.788	1	20+	29	13018352	3412630	8876	500413	1763342
hc-square-005-002_reachable_01	longest_d1d2	recongo_compet2023	REACH	15	95	UNSAT	10.730	0	6	96	63635	31784	292	609894	1998870
hc-square-005-002_reachable_02	longest_d1d2	recongo_compet2023	REACH	15	95	UNSAT	12.569	0	6	96	71840	35508	320	622542	2024298
huck_reachable_01	longest_d1d2	recongo_compet2023	REACH	292	293	UNKN	1799.555	1	287+	294	17925694	370781	1865	6906761	26183188
huck_reachable_02	longest_d1d2	recongo_compet2023	REACH	299	300	UNKN	1799.531	1	294+	301	16716625	361237	1778	7214030	27420561
huck_reachable_03	longest_d1d2	recongo_compet2023	REACH	289	290	UNKN	1799.544	1	284+	291	15933502	336252	1660	6779585	25783576
huck_reachable_04	longest_d1d2	recongo_compet2023	REACH	303	304	UNKN	1799.500	1	298+	305	15033248	369635	1813	7404260	28182986
huck_reachable_05	longest_d1d2	recongo_compet2023	REACH	315	316	UNKN	1799.412	1	310+	317	14721386	299628	1452	8018333	30656357
huck_reachable_06	longest_d1d2	recongo_compet2023	REACH	301	302	UNKN	1799.451	1	296+	303	15481404	331095	1599	7284593	27773282
huck_reachable_07	longest_d1d2	recongo_compet2023	REACH	293	294	UNKN	1799.555	1	288+	295	15736841	317822	1579	6972924	26535200
huck_reachable_08	longest_d1d2	recongo_compet2023	REACH	309	310	UNKN	1799.527	1	304+	311	15091795	336040	1661	7713679	29416123
huck_reachable_09	longest_d1d2	recongo_compet2023	REACH	296	297	UNKN	1799.511	1	291+	298	16330464	357879	1773	7079839	26874332
huck_reachable_10	longest_d1d2	recongo_compet2023	REACH	310	311	UNKN	1799.509	1	305+	312	15438922	306555	1495	7768043	29657110
latin_square_10_reachable_01	longest_d1d2	recongo_compet2023	REACH	24	25	UNKN	1799.720	1	22+	26	17849099	3121933	6654	763855	2706993
latin_square_10_reachable_02	longest_d1d2	recongo_compet2023	REACH	17	18	UNKN	1799.762	1	15+	19	1876265	1700253	4367	431005	1425717
latin_square_10_reachable_03	longest_d1d2	recongo_compet2023	REACH	21	22	UNKN	1799.742	1	19+	23	20027979	3260772	7530	610207	2110915
latin_square_10_reachable_04	longest_d1d2	recongo_compet2023	REACH	23	24	UNKN	1799.725	1	21+	25	17310271	3082881	6766	711627	2511631
latin_square_10_reachable_05	longest_d1d2	recongo_compet2023	REACH	20	21	UNKN	1799.720	1	18+	22	18460154	3297948	7818	565675	1959016
latin_square_10_reachable_06	longest_d1d2	recongo_compet2023	REACH	17	18	UNKN	1799.756	1	15+	19	1955999	1744218	4691	509118	1693958
latin_square_10_reachable_07	longest_d1d2	recongo_compet2023	REACH	22	23	UNKN	1799.739	1	20+	24	18638641	3058293	6317	711650	2509979
latin_square_10_reachable_08	longest_d1d2	recongo_compet2023	REACH	23	24	UNKN	1799.734	1	21+	25	15074111	2774246	6901	697237	2426949
latin_square_10_reachable_09	longest_d1d2	recongo_compet2023	REACH	23	24	UNKN	1799.731	1	21+	25	19535601	3200784	7056	763712	2690579
latin_square_10_reachable_10	longest_d1d2	recongo_compet2023	REACH	20	21	UNKN	1799.747	1	18+	22	17037185	2987219	6643	612316	2124125
miles1500_reachable_01	longest_d1d2	recongo_compet2023	REACH	270	271	UNKN	1799.491	1	269+	272	32152615	201165	1088	9308358	36268401
miles1500_reachable_02	longest_d1d2	recongo_compet2023	REACH	253	254	UNKN	1799.554	1	252+	255	37008856	140055	716	8588196	33550378
miles1500_reachable_03	longest_d1d2	recongo_compet2023	REACH	267	268	UNKN	1799.512	1	266+	269	31231741	304765	1600	8651358	33692319
miles1500_reachable_04	longest_d1d2	recongo_compet2023	REACH	275	276	UNKN	1799.483	1	274+	277	27650051	389833	1931	8948360	34865908
miles1500_reachable_05	longest_d1d2	recongo_compet2023	REACH	249	250	UNKN	1799.540	1	248+	251	32112785	131663	704	8308726	32476924
miles1500_reachable_06	longest_d1d2	recongo_compet2023	REACH	261	262	UNKN	1799.488	1	260+	263	25272736	365764	1858	7928879	30757436
miles1500_reachable_07	longest_d1d2	recongo_compet2023	REACH	273	274	UNKN	1799.480	1	272+	275	24598974	344578	1718	8829162	34356710
miles1500_reachable_08	longest_d1d2	recongo_compet2023	REACH	287	288	UNKN	1799.419	1	286+	289	28667879	111850	568	11001921	43104023
miles1500_reachable_09	longest_d1d2	recongo_compet2023	REACH	255	256	UNKN	1799.528	1	254+	257	32678781	118258	623	8719213	34051982
miles1500_reachable_10	longest_d1d2	recongo_compet2023	REACH	257	258	UNKN	1799.527	1	256+	259	31658461	129436	654	8856752	34595131
miles500_reachable_01	longest_d1d2	recongo_compet2023	REACH	21	21	UNKN	1799.844	1	16+	23	16841903	15773617	36034	137176	394569
miles500_reachable_02	longest_d1d2	recongo_compet2023	REACH	21	21	UNKN	1799.826	1	16+	23	17894466	16640106	37028	137816	412355
miles500_reachable_03	longest_d1d2	recongo_compet2023	REACH	22	23	UNKN	1799.840	1	17+	24	16743818	15527867	33356	146769	426839
miles500_reachable_04	longest_d1d2	recongo_compet2023	REACH	22	23	UNKN	1799.842	1	17+	24	16886840	15726333	34548	147023	428644
miles500_reachable_05	longest_d1d2	recongo_compet2023	REACH	24	25	UNKN	1799.836	1	19+	26	16109110	14994293	33210	165684	475778
miles500_reachable_06	longest_d1d2	recongo_compet2023	REACH	23	23	UNKN	1799.817	1	18+	25	17265069	16125605	37699	155947	455948
miles500_reachable_07	longest_d1d2	recongo_compet2023	REACH	24	25	UNKN	1799.837	1	19+	26	19302556	17921130	40537	166188	499958
miles500_reachable_08	longest_d1d2	recongo_compet2023	REACH	23	24	UNKN	1799.827	1	18+	25	18733266	17413833	39610	156209	462998
miles500_reachable_09	longest_d1d2	recongo_compet2023	REACH	24	24	UNKN	1799.837	1	19+	26	17019913	15890739	36357	165470	478243
miles500_reachable_10	longest_d1d2	recongo_compet2023	REACH	21	22	UNKN	1799.832	1	16+	23	15401241	14355158	31693	138009	411265
myciel3_reachable_01	longest_d1d2	recongo_compet2023	REACH	3	4	UNSAT	0.007	0	2	5	93	76	0	360	925
myciel3_reachable_02	longest_d1d2	recongo_compet2023	REACH	3	4	UNSAT	0.007	0	2	5	72	68	0	360	925
myciel3_reachable_03	longest_d1d2	recongo_compet2023	REACH	3	4	UNSAT	0.007	0	2	5	92	92	1	360	925
myciel3_reachable_04	longest_d1d2	recongo_compet2023	REACH	3	4	UNSAT	0.007	0	2	5	96	82	1	360	925
myciel3_reachable_05	longest_d1d2	recongo_compet2023	REACH	3	4	UNSAT	0.007	0	2	5	93	85	1	360	925
myciel4_reachable_01	longest_d1d2	recongo_compet2023	REACH	3	4	UNSAT	0.012	0	2	5	287	272	2	1510	4109
myciel4_reachable_02	longest_d1d2	recongo_compet2023	REACH	3	4	UNSAT	0.013	0	2	5	341	306	2	1510	4109
myciel4_reachable_03	longest_d1d2	recongo_compet2023	REACH	3	4	UNSAT	0.011	0	2	5	230	191	2	1510	4109
myciel4_reachable_04	longest_d1d2	recongo_compet2023	REACH	3	4	UNSAT	0.011	0	2	5	234	185	2	1510	4109
myciel4_reachable_05	longest_d1d2	recongo_compet2023	REACH	3	4	UNSAT	0.012	0	2	5	282	254	2	1510	4109
myciel5_reachable_01	longest_d1d2	recongo_compet2023	REACH	3	4	UNSAT	0.027	0	2	5	942	800	7	3173	8643
myciel5_reachable_02	longest_d1d2	recongo_compet2023	REACH	3	4	UNSAT	0.028	0	2	5	998	888	6	3173	8643
myciel5_reachable_03	longest_d1d2	recongo_compet2023	REACH	3	4	UNSAT	0.030	0	2	5	1015	911	7	3173	8643
myciel5_reachable_04	longest_d1d2	recongo_compet2023	REACH	3	4	UNSAT	0.027	0	2	5	962	819	7	3173	8643
myciel5_reachable_05	longest_d1d2	recongo_compet2023	REACH	3	4	UNSAT	0.023	0	2	5	585	545	4	3173	8643
myciel6_reachable_01	longest_d1d2	recongo_compet2023	REACH	3	4	UNSAT	0.105	0	2	5	2977	2734	18	7417	20170
myciel6_reachable_02	longest_d1d2	recongo_compet2023	REACH	3	4	UNSAT	0.093	0	2	5	2998	2319	16	7417	20170
myciel6_reachable_03	longest_d1d2	recongo_compet2023	REACH	3	4	UNSAT	0.074	0	2	5	1728	1478	11	7417	20170
myciel6_reachable_04	longest_d1d2	recongo_compet2023	REACH	3	4	UNSAT	0.095	0	2	5	2613	2406	15	7417	20170
myciel6_reachable_05	longest_d1d2	recongo_compet2023	REACH	3	4	UNSAT	0.054	0	2	5	836	561	6	7417	20170
queen5_5_reachable_01	longest_d1d2	recongo_compet2023	REACH	90	91	UNKN	1799.832	1	86+	92	13499217	5578579	13420	237143	884820
queen5_5_reachable_02	longest_d1d2	recongo_compet2023	REACH	90	91	UNKN	1799.849	1	86+	92	13277718	5484890	13140	237996	889323
queen5_5_reachable_03	longest_d1d2	recongo_compet2023	REACH	92	93	UNKN	1799.836	1	88+	94	13265307	5470096	13329	248280	927327
queen5_5_reachable_04	longest_d1d2	recongo_compet2023	REACH	91	92	UNKN	1799.836	1	87+	93	13220518	5435555	13221	242088	903096
queen5_5_reachable_05	longest_d1d2	recongo_compet2023	REACH	89	90	UNKN	1799.852	1	85+	91	13386628	5491964	13175	232618	867328
queen5_5_reachable_06	longest_d1d2	recongo_compet2023	REACH	89	90	UNKN	1799.850	1	85+	91	13538473	5574739	13664	233845	873331
queen5_5_reachable_07	longest_d1d2	recongo_compet2023	REACH	89	90	UNKN	1799.849	1	85+	91	13419718	5524722	13349	232180	865058
queen5_5_reachable_08	longest_d1d2	recongo_compet2023	REACH	89	90	UNKN	1799.844	1	85+	91	13529994	5567789	13384	232770	865488
queen5_5_reachable_09	longest_d1d2	recongo_compet2023	REACH	130	131	UNKN	1799.833	1	126+	132	31737591	6159290	14452	477992	1809162
queen5_5_reachable_10	longest_d1d2	recongo_compet2023	REACH	92	93	UNKN	1799.839	1	88+	94	13372021	5520525	13374	248308	928350
queen7_7_reachable_01	longest_d1d2	recongo_compet2023	REACH	1	85	UNSAT	4.652	0	1	86	134	279	1	410760	1537175
queen7_7_reachable_02	longest_d1d2	recongo_compet2023	REACH	1	85	UNSAT	4.725	0	1	86	150	308	1	412930	1539349
queen7_7_reachable_03	longest_d1d2	recongo_compet2023	REACH	1	85	UNSAT	4.641	0	1	86	123	280	1	410846	1537273
queen7_7_reachable_04	longest_d1d2	recongo_compet2023	REACH	1	85	UNSAT	4.684	0	1	86	147	302	1	412137	1538571
queen7_7_reachable_05	longest_d1d2	recongo_compet2023	REACH	1	85	UNSAT	4.674	0	1	86	118	275	0	410914	1537345
queen7_7_reachable_06	longest_d1d2	recongo_compet2023	REACH	1	85	UNSAT	4.724	0	1	86	150	304	1	412901	1539343
queen8_8_reachable_01	longest_d1d2	recongo_compet2023	UNKN	-1	20	UNKN	1799.863	1	0+	21	6961145	6591832	15531	46429	147596
queen8_8_reachable_02	longest_d1d2	recongo_compet2023	REACH	28	29	UNKN	1799.859	1	6+	30	7436918	6958371	17149	78242	241347
queen8_8_reachable_03	longest_d1d2	recongo_compet2023	UNKN	-1	22	UNKN	1799.867	1	0+	23	6854030	6457797	14754	49959	141653
queen8_8_reachable_04	longest_d1d2	recongo_compet2023	REACH	27	28	UNKN	1799.867	1	5+	29	7393502	6922279	17402	76255	235289
queen8_8_reachable_05	longest_d1d2	recongo_compet2023	REACH	30	31	UNKN	1799.857	1	8+	32	7979396	7459965	18384	87594	270741
queen8_8_reachable_06	longest_d1d2	recongo_compet2023	UNKN	-1	22	UNKN	1799.867	1	0+	23	6940575	6506728	15105	51265	139051
queen8_8_reachable_07	longest_d1d2	recongo_compet2023	UNKN	-1	21	UNKN	1799.854	1	0+	22	7368106	6931214	15882	49953	159971
queen8_8_reachable_08	longest_d1d2	recongo_compet2023	UNKN	-1	22	UNKN	1799.868	1	0+	23	6778042	6398796	15818	52903	159870
queen8_8_reachable_09	longest_d1d2	recongo_compet2023	UNKN	-1	21	UNKN	1799.860	1	0+	22	6887017	6494583	14784	46995	135492
queen8_8_reachable_10	longest_d1d2	recongo_compet2023	REACH	26	27	UNKN	1799.846	1	4+	28	6963427	6491058	15715	69766	210779
queen9_9_reachable_01	longest_d1d2	recongo_compet2023	REACH	4	113	UNSAT	117.988	0	4	114	1301021	1267133	3804	1188686	4490015
queen9_9_reachable_02	longest_d1d2	recongo_compet2023	REACH	1	113	UNSAT	16.260	0	1	114	306	521	2	1183248	4475199
queen9_9_reachable_03	longest_d1d2	recongo_compet2023	REACH	4	113	UNSAT	415.939	0	4	114	4023103	3918380	9850	1192208	4503721
queen9_9_reachable_04	longest_d1d2	recongo_compet2023	REACH	4	113	UNSAT	90.051	0	4	114	1025296	994959	3295	1194042	4511841
queen9_9_reachable_05	longest_d1d2	recongo_compet2023	REACH	1	113	UNSAT	16.459	0	1	114	356	571	2	1190618	4482603
queen9_9_reachable_06	longest_d1d2	recongo_compet2023	REACH	4	113	UNSAT	218.086	0	4	114	2422062	2356793	7161	1199247	4531811
queen9_9_reachable_07	longest_d1d2	recongo_compet2023	REACH	4	113	UNSAT	353.385	1	4	114	3538213	3445525	10156	1192428	4504888
queen9_9_reachable_08	longest_d1d2	recongo_compet2023	REACH	1	113	UNSAT	16.288	0	1	114	371	578	2	1193778	4485737
queen9_9_reachable_09	longest_d1d2	recongo_compet2023	REACH	1	113	UNSAT	16.189	0	1	114	352	568	2	1191345	4483311
queen9_9_reachable_10	longest_d1d2	recongo_compet2023	REACH	4	113	UNSAT	29.786	0	4	114	261099	251202	942	1198732	4530217
sp001_reachable_01	longest_d1d2	recongo_compet2023	REACH	66	66	SAT	807.581	0	65+	67	16224518	4518831	9220	67437	246947
sp001_reachable_02	longest_d1d2	recongo_compet2023	REACH	66	6	SAT	1174.113	0	65+	67	21981409	6186977	11267	67437	246955
sp001_reachable_03	longest_d1d2	recongo_compet2023	REACH	66	66	SAT	732.328	0	65+	67	14837975	4130973	8583	67514	246941
sp001_reachable_04	longest_d1d2	recongo_compet2023	REACH	66	66	SAT	1198.971	0	65+	67	21943255	6195498	10942	67568	247324
sp001_reachable_05	longest_d1d2	recongo_compet2023	REACH	66	66	SAT	1256.188	0	65+	67	23113079	6478482	11987	67437	246954
sp001_reachable_06	longest_d1d2	recongo_compet2023	REACH	66	66	SAT	1239.610	0	65+	67	22716873	6406389	12033	67437	246885
sp001_reachable_07	longest_d1d2	recongo_compet2023	REACH	66	66	SAT	1289.368	0	65+	67	23528248	6722676	12379	67387	246732
sp001_reachable_08	longest_d1d2	recongo_compet2023	REACH	66	66	SAT	896.449	0	65+	67	17575807	4943494	9789	67403	246303
sp001_reachable_09	longest_d1d2	recongo_compet2023	REACH	66	66	SAT	1283.966	0	65+	67	23282944	6648378	12263	67379	246839
sp001_reachable_10	longest_d1d2	recongo_compet2023	REACH	66	66	SAT	1709.698	0	65+	67	28862445	8200273	14489	67520	246889
sp002_reachable_01	longest_d1d2	recongo_compet2023	REACH	159	160	UNKN	1799.811	1	157+	161	34745997	2547697	6082	733923	2764925
sp002_reachable_02	longest_d1d2	recongo_compet2023	REACH	159	159	UNKN	1799.803	1	157+	161	35657206	2545832	5946	732280	2757829
sp002_reachable_03	longest_d1d2	recongo_compet2023	REACH	160	161	UNKN	1799.810	1	158+	162	36021520	2556488	6172	742944	2799970
sp002_reachable_04	longest_d1d2	recongo_compet2023	REACH	158	158	UNKN	1799.797	1	156+	160	36117002	2555967	5709	725060	2732550
sp002_reachable_05	longest_d1d2	recongo_compet2023	REACH	163	162	UNKN	1799.806	1	161+	165	35270298	2382370	5462	769799	2903902
sp002_reachable_06	longest_d1d2	recongo_compet2023	REACH	164	165	UNKN	1799.804	1	162+	166	34442836	2524302	6207	778249	2935015
sp002_reachable_07	longest_d1d2	recongo_compet2023	REACH	159	160	UNKN	1799.807	1	157+	161	35860160	2597826	6324	732808	2760264
sp002_reachable_08	longest_d1d2	recongo_compet2023	REACH	163	164	UNKN	1799.806	1	161+	165	35840797	2555286	5682	769274	2897463
sp002_reachable_09	longest_d1d2	recongo_compet2023	REACH	160	161	UNKN	1799.804	1	158+	162	36136174	2529127	5780	741731	2794521
sp002_reachable_10	longest_d1d2	recongo_compet2023	REACH	159	159	UNKN	1799.810	1	157+	161	36027186	2548981	6015	729282	2746249
sp003_reachable_01	longest_d1d2	recongo_compet2023	REACH	286	287	UNKN	1799.646	1	282+	288	22054222	578300	2083	3283211	12449494
sp003_reachable_02	longest_d1d2	recongo_compet2023	REACH	275	276	UNKN	1799.650	1	271+	277	21057858	561209	1994	3049183	11572210
sp003_reachable_03	longest_d1d2	recongo_compet2023	REACH	259	260	UNKN	1799.661	1	255+	261	20930801	629830	2248	2693029	10164104
sp003_reachable_04	longest_d1d2	recongo_compet2023	REACH	262	263	UNKN	1799.663	1	258+	264	21795439	576740	2028	2776649	10494492
sp003_reachable_05	longest_d1d2	recongo_compet2023	REACH	262	263	UNKN	1799.664	1	258+	264	21385127	565121	2021	2759597	10453536
sp003_reachable_06	longest_d1d2	recongo_compet2023	REACH	265	266	UNKN	1799.644	1	261+	267	21819077	586261	2137	2838455	10743298
sp003_reachable_07	longest_d1d2	recongo_compet2023	REACH	262	263	UNKN	1799.660	1	258+	264	21277018	581330	1992	2764419	10476731
sp003_reachable_08	longest_d1d2	recongo_compet2023	REACH	262	263	UNKN	1799.661	1	258+	264	21891237	544671	1878	2793697	10548198
sp003_reachable_09	longest_d1d2	recongo_compet2023	REACH	263	274	UNKN	1799.637	1	269+	275	20577746	537541	1840	2974245	11252322
sp003_reachable_10	longest_d1d2	recongo_compet2023	REACH	265	266	UNKN	1799.664	1	261+	267	21441812	584956	2137	2830139	10712528
sp004_reachable_01	longest_d1d2	recongo_compet2023	REACH	342	343	UNKN	1799.278	1	338+	344	16224551	250315	1177	6193126	23783216
sp004_reachable_02	longest_d1d2	recongo_compet2023	REACH	344	345	UNKN	1799.496	1	340+	346	16521335	242273	1169	6275818	24101696
sp004_reachable_03	longest_d1d2	recongo_compet2023	REACH	343	344	UNKN	1799.521	1	339+	345	16219498	247160	1104	6272015	24074572
sp004_reachable_04	longest_d1d2	recongo_compet2023	REACH	334	335	UNKN	1799.497	1	330+	336	16483833	300483	1324	5912592	22638022
sp004_reachable_05	longest_d1d2	recongo_compet2023	REACH	347	348	UNKN	1798.584	1	343+	349	16379799	231891	1104	6415461	24637024
sp004_reachable_06	longest_d1d2	recongo_compet2023	REACH	352	353	UNKN	1799.493	1	348+	354	16432384	248576	1178	6616944	25438776
sp004_reachable_07	longest_d1d2	recongo_compet2023	REACH	345	346	UNKN	1799.494	1	341+	347	15752248	282977	1260	6282651	24113774
sp004_reachable_08	longest_d1d2	recongo_compet2023	REACH	342	343	UNKN	1799.488	1	338+	344	16934300	277159	1311	6207904	23862309
sp004_reachable_09	longest_d1d2	recongo_compet2023	REACH	333	334	UNKN	1799.437	1	329+	335	17224176	274973	1274	5897273	22567597
sp004_reachable_10	longest_d1d2	recongo_compet2023	REACH	325	326	UNKN	1799.526	1	321+	327	16807542	262623	1181	5618719	21462982
sp005_reachable_01	longest_d1d2	recongo_compet2023	REACH	326	327	UNKN	1799.481	1	321+	328	15385216	234740	1224	7015725	26803228
sp005_reachable_02	longest_d1d2	recongo_compet2023	REACH	333	334	UNKN	1799.477	1	328+	335	15272828	224805	1210	7287933	27868094
sp005_reachable_03	longest_d1d2	recongo_compet2023	REACH	359	360	UNKN	1799.437	1	354+	361	14258306	214827	1127	8450106	32503840
sp005_reachable_04	longest_d1d2	recongo_compet2023	REACH	340	341	UNKN	1799.483	1	335+	342	13881110	199193	1070	7578374	29060729
sp005_reachable_05	longest_d1d2	recongo_compet2023	REACH	335	336	UNKN	1799.494	1	330+	337	14995076	219058	1147	7437127	28494591
sp005_reachable_06	longest_d1d2	recongo_compet2023	REACH	325	350	UNKN	1799.399	1	344+	351	16448844	244262	1280	7997978	30654755
sp005_reachable_07	longest_d1d2	recongo_compet2023	REACH	348	349	UNKN	1799.452	1	343+	350	14709823	197174	1042	7992814	30634138
sp005_reachable_08	longest_d1d2	recongo_compet2023	REACH	334	335	UNKN	1799.429	1	329+	336	15405752	273445	1404	7306344	27896222
sp005_reachable_09	longest_d1d2	recongo_compet2023	REACH	335	336	UNKN	1799.490	1	330+	337	15965643	201010	1093	7504077	28728896
sp005_reachable_10	longest_d1d2	recongo_compet2023	REACH	353	354	UNKN	1799.446	1	348+	355	14441623	186530	993	8252440	31681748
sp006_reachable_01	longest_d1d2	recongo_compet2023	REACH	310	310	UNKN	1799.452	1	304+	312	14475307	212404	1195	7598550	28861189
sp006_reachable_02	longest_d1d2	recongo_compet2023	REACH	345	345	UNKN	1799.171	1	339+	347	13049114	208709	1182	9348291	35695563
sp006_reachable_03	longest_d1d2	recongo_compet2023	REACH	353	354	UNKN	1799.361	1	347+	355	14119998	177419	1014	10007007	38321254
sp006_reachable_04	longest_d1d2	recongo_compet2023	REACH	349	350	UNKN	1799.077	1	343+	351	13156821	204355	1140	9616257	36764912
sp006_reachable_05	longest_d1d2	recongo_compet2023	REACH	318	332	UNKN	1799.407	1	325+	333	14897550	174077	994	8923863	33788470
sp006_reachable_06	longest_d1d2	recongo_compet2023	REACH	355	356	UNKN	1798.891	1	349+	357	13497289	180616	997	10013961	38393318
sp006_reachable_07	longest_d1d2	recongo_compet2023	REACH	319	332	UNKN	1799.404	1	326+	334	14877808	189262	1064	8789483	33487351
sp006_reachable_08	longest_d1d2	recongo_compet2023	REACH	342	343	UNKN	1799.420	1	336+	344	13679608	216615	1241	9165148	35022095
sp006_reachable_09	longest_d1d2	recongo_compet2023	REACH	351	352	UNKN	1799.349	1	345+	353	12825767	205894	1137	9722241	37167230
sp006_reachable_10	longest_d1d2	recongo_compet2023	REACH	336	337	UNKN	1799.429	1	330+	338	13840240	201280	1132	9015955	34376129
