#instance	RECONGO_RESULT : [1_t1__recongo_trendy]	Last_SAT_Step : [1_t1__recongo_trendy]	Last_Step : [1_t1__recongo_trendy]	CPUTime : [1_t1__recongo_trendy]	RECONGO_RESULT : [1_t2__recongo_trendy]	Last_SAT_Step : [1_t2__recongo_trendy]	Last_Step : [1_t2__recongo_trendy]	CPUTime : [1_t2__recongo_trendy]	RECONGO_RESULT : [1_t3__recongo_trendy]	Last_SAT_Step : [1_t3__recongo_trendy]	Last_Step : [1_t3__recongo_trendy]	CPUTime : [1_t3__recongo_trendy]	RECONGO_RESULT : [1_t4__recongo_trendy]	Last_SAT_Step : [1_t4__recongo_trendy]	Last_Step : [1_t4__recongo_trendy]	CPUTime : [1_t4__recongo_trendy]	RECONGO_RESULT : [2_t1t2__recongo_trendy]	Last_SAT_Step : [2_t1t2__recongo_trendy]	Last_Step : [2_t1t2__recongo_trendy]	CPUTime : [2_t1t2__recongo_trendy]	RECONGO_RESULT : [2_t1t3__recongo_trendy]	Last_SAT_Step : [2_t1t3__recongo_trendy]	Last_Step : [2_t1t3__recongo_trendy]	CPUTime : [2_t1t3__recongo_trendy]	RECONGO_RESULT : [2_t1t4__recongo_trendy]	Last_SAT_Step : [2_t1t4__recongo_trendy]	Last_Step : [2_t1t4__recongo_trendy]	CPUTime : [2_t1t4__recongo_trendy]	RECONGO_RESULT : [2_t2t3__recongo_trendy]	Last_SAT_Step : [2_t2t3__recongo_trendy]	Last_Step : [2_t2t3__recongo_trendy]	CPUTime : [2_t2t3__recongo_trendy]	RECONGO_RESULT : [2_t2t4__recongo_trendy]	Last_SAT_Step : [2_t2t4__recongo_trendy]	Last_Step : [2_t2t4__recongo_trendy]	CPUTime : [2_t2t4__recongo_trendy]	RECONGO_RESULT : [2_t3t4__recongo_trendy]	Last_SAT_Step : [2_t3t4__recongo_trendy]	Last_Step : [2_t3t4__recongo_trendy]	CPUTime : [2_t3t4__recongo_trendy]	RECONGO_RESULT : [3_t1t2t4__recongo_trendy]	Last_SAT_Step : [3_t1t2t4__recongo_trendy]	Last_Step : [3_t1t2t4__recongo_trendy]	CPUTime : [3_t1t2t4__recongo_trendy]	RECONGO_RESULT : [3_t1t3t4__recongo_trendy]	Last_SAT_Step : [3_t1t3t4__recongo_trendy]	Last_Step : [3_t1t3t4__recongo_trendy]	CPUTime : [3_t1t3t4__recongo_trendy]	RECONGO_RESULT : [3_t2t3t4__recongo_trendy]	Last_SAT_Step : [3_t2t3t4__recongo_trendy]	Last_Step : [3_t2t3t4__recongo_trendy]	CPUTime : [3_t2t3t4__recongo_trendy]	RECONGO_RESULT : [4_t1t2t3t4__recongo_trendy]	Last_SAT_Step : [4_t1t2t3t4__recongo_trendy]	Last_Step : [4_t1t2t3t4__recongo_trendy]	CPUTime : [4_t1t2t3t4__recongo_trendy]	
1-Fullins_3_reachable_01	NA	NA	NA	NA	NA	NA	NA	NA	NA	NA	NA	NA	NA	NA	NA	NA	NA	NA	NA	NA	NA	NA	NA	NA	NA	NA	NA	NA	NA	NA	NA	NA	NA	NA	NA	NA	NA	NA	NA	NA	NA	NA	NA	NA	NA	NA	NA	NA	NA	NA	NA	NA	NA	NA	NA	NA	
1-Fullins_4_reachable_01	NA	NA	NA	NA	NA	NA	NA	NA	NA	NA	NA	NA	NA	NA	NA	NA	NA	NA	NA	NA	NA	NA	NA	NA	NA	NA	NA	NA	NA	NA	NA	NA	NA	NA	NA	NA	NA	NA	NA	NA	NA	NA	NA	NA	NA	NA	NA	NA	NA	NA	NA	NA	NA	NA	NA	NA	
1-Fullins_5_reachable_01	NA	NA	NA	NA	NA	NA	NA	NA	NA	NA	NA	NA	NA	NA	NA	NA	NA	NA	NA	NA	NA	NA	NA	NA	NA	NA	NA	NA	NA	NA	NA	NA	NA	NA	NA	NA	NA	NA	NA	NA	NA	NA	NA	NA	NA	NA	NA	NA	NA	NA	NA	NA	NA	NA	NA	NA	
1-Insertions_4_reachable_01	REACH	5	5	0.013	REACH	5	5	0.018	REACH	5	5	0.046	REACH	5	5	0.159	REACH	5	5	0.018	REACH	5	5	0.047	REACH	5	5	0.119	REACH	5	5	0.046	REACH	5	5	0.112	REACH	5	5	0.125	REACH	5	5	0.633	REACH	5	5	0.120	REACH	5	5	0.216	REACH	5	5	0.126	
1-Insertions_4_reachable_02	REACH	5	5	0.013	REACH	5	5	0.019	REACH	5	5	0.088	REACH	5	5	0.098	REACH	5	5	0.018	REACH	5	5	0.047	REACH	5	5	0.106	REACH	5	5	0.048	REACH	5	5	0.107	REACH	5	5	0.113	REACH	5	5	0.112	REACH	5	5	0.117	REACH	5	5	0.151	REACH	5	5	0.130	
1-Insertions_4_reachable_03	REACH	5	5	0.013	REACH	5	5	0.018	REACH	5	5	0.047	REACH	5	5	0.100	REACH	5	5	0.017	REACH	5	5	0.046	REACH	5	5	0.100	REACH	5	5	0.047	REACH	5	5	0.104	REACH	5	5	0.117	REACH	5	5	0.106	REACH	5	5	0.114	REACH	5	5	0.122	REACH	5	5	0.124	
1-Insertions_4_reachable_04	REACH	5	5	0.013	REACH	5	5	0.022	REACH	5	5	0.052	REACH	5	5	0.103	REACH	5	5	0.104	REACH	5	5	0.047	REACH	5	5	0.100	REACH	5	5	0.088	REACH	5	5	0.109	REACH	5	5	0.120	REACH	5	5	0.222	REACH	5	5	0.120	REACH	5	5	0.137	REACH	5	5	0.134	
1-Insertions_4_reachable_05	REACH	5	5	0.013	REACH	5	5	0.116	REACH	5	5	0.099	REACH	5	5	0.106	REACH	5	5	0.017	REACH	5	5	0.047	REACH	5	5	0.119	REACH	5	5	0.053	REACH	5	5	0.104	REACH	5	5	0.121	REACH	5	5	0.106	REACH	5	5	0.121	REACH	5	5	0.124	REACH	5	5	0.126	
1-Insertions_4_reachable_06	REACH	5	5	0.014	REACH	5	5	0.018	REACH	5	5	0.049	REACH	5	5	0.106	REACH	5	5	0.017	REACH	5	5	0.047	REACH	5	5	0.107	REACH	5	5	0.049	REACH	5	5	0.111	REACH	5	5	0.241	REACH	5	5	0.110	REACH	5	5	0.156	REACH	5	5	0.129	REACH	5	5	0.132	
1-Insertions_4_reachable_07	REACH	5	5	0.145	REACH	5	5	0.019	REACH	5	5	0.048	REACH	5	5	0.099	REACH	5	5	0.018	REACH	5	5	0.046	REACH	5	5	0.101	REACH	5	5	0.050	REACH	5	5	0.108	REACH	5	5	0.119	REACH	5	5	0.113	REACH	5	5	0.127	REACH	5	5	0.126	REACH	5	5	0.132	
1-Insertions_4_reachable_08	REACH	5	5	0.013	REACH	5	5	0.017	REACH	5	5	0.046	REACH	5	5	0.098	REACH	5	5	0.099	REACH	5	5	0.045	REACH	5	5	0.101	REACH	5	5	0.047	REACH	5	5	0.110	REACH	5	5	0.121	REACH	5	5	0.245	REACH	5	5	0.119	REACH	5	5	0.132	REACH	5	5	0.124	
1-Insertions_4_reachable_09	REACH	5	5	0.013	REACH	5	5	0.022	REACH	5	5	0.047	REACH	5	5	0.105	REACH	5	5	0.088	REACH	5	5	0.047	REACH	5	5	0.109	REACH	5	5	0.053	REACH	5	5	0.110	REACH	5	5	0.130	REACH	5	5	0.110	REACH	5	5	0.123	REACH	5	5	0.132	REACH	5	5	0.135	
1-Insertions_4_reachable_10	REACH	5	5	0.059	REACH	5	5	0.019	REACH	5	5	0.048	REACH	5	5	0.100	REACH	5	5	0.018	REACH	5	5	0.047	REACH	5	5	0.105	REACH	5	5	0.047	REACH	5	5	0.108	REACH	5	5	0.116	REACH	5	5	0.110	REACH	5	5	0.123	REACH	5	5	0.131	REACH	5	5	0.129	
1-Insertions_5_reachable_01	REACH	7	7	0.065	REACH	7	7	0.079	REACH	7	7	1.264	REACH	7	7	1.741	REACH	7	7	21.431	REACH	7	7	1.098	REACH	7	7	1.929	REACH	7	7	3.832	REACH	7	7	11.121	REACH	7	7	1.793	REACH	7	7	2.492	REACH	7	7	12.578	REACH	7	7	1.958	REACH	7	7	6.749	
1-Insertions_5_reachable_02	REACH	7	7	228.814	REACH	7	7	0.451	REACH	7	7	1.840	REACH	7	7	4.316	REACH	7	7	0.107	REACH	7	7	0.467	REACH	7	7	22.112	REACH	7	7	3.865	REACH	7	7	2.114	REACH	7	7	55.917	REACH	7	7	1.651	REACH	7	7	38.964	REACH	7	7	1.912	REACH	7	7	1.799	
1-Insertions_5_reachable_03	REACH	7	7	0.219	REACH	7	7	0.071	REACH	7	7	5.973	REACH	7	7	1.642	REACH	7	7	0.611	REACH	7	7	0.380	REACH	7	7	1.609	REACH	7	7	4.489	REACH	7	7	9.781	REACH	7	7	1.824	REACH	7	7	129.293	REACH	7	7	1.769	REACH	7	7	22.432	REACH	7	7	17.651	
1-Insertions_5_reachable_04	REACH	7	7	0.064	REACH	7	7	0.392	REACH	7	7	6.937	REACH	7	7	4.188	REACH	7	7	7.974	REACH	7	7	3.062	REACH	7	7	4.222	REACH	7	7	4.299	REACH	7	7	9.685	REACH	7	7	14.634	REACH	7	7	6.783	REACH	7	7	202.303	REACH	7	7	3.746	REACH	7	7	1.960	
1-Insertions_5_reachable_05	UNKN	-1	7	599.906	REACH	7	7	34.422	REACH	7	7	1.457	REACH	7	7	10.976	REACH	7	7	0.208	REACH	7	7	4.206	REACH	7	7	7.759	REACH	7	7	1.952	REACH	7	7	1.623	REACH	7	7	13.489	REACH	7	7	5.550	REACH	7	7	14.100	REACH	7	7	3.557	REACH	7	7	11.557	
1-Insertions_5_reachable_06	REACH	7	7	17.280	UNKN	-1	7	599.959	REACH	7	7	7.970	REACH	7	7	1.576	REACH	7	7	5.060	REACH	7	7	4.246	REACH	7	7	2.341	REACH	7	7	3.087	REACH	7	7	1.561	REACH	7	7	9.386	REACH	7	7	4.094	REACH	7	7	46.163	REACH	7	7	18.343	REACH	7	7	1.862	
1-Insertions_5_reachable_07	REACH	7	7	270.396	REACH	7	7	21.322	REACH	7	7	1.963	REACH	7	7	6.649	REACH	7	7	45.990	REACH	7	7	1.860	REACH	7	7	21.140	REACH	7	7	0.612	REACH	7	7	1.788	REACH	7	7	6.587	REACH	7	7	1.683	REACH	7	7	1.761	REACH	7	7	5.832	REACH	7	7	15.580	
1-Insertions_5_reachable_08	REACH	7	7	0.078	REACH	7	7	0.071	REACH	7	7	2.733	REACH	7	7	3.090	UNKN	-1	7	599.908	REACH	7	7	0.440	REACH	7	7	17.683	REACH	7	7	4.383	REACH	7	7	13.180	REACH	7	7	13.845	REACH	7	7	1.506	REACH	7	7	7.766	REACH	7	7	21.786	REACH	7	7	21.360	
1-Insertions_5_reachable_09	REACH	7	7	0.059	REACH	7	7	0.067	REACH	7	7	0.804	REACH	7	7	13.265	REACH	7	7	0.065	REACH	7	7	2.347	REACH	7	7	1.432	REACH	7	7	3.764	REACH	7	7	1.685	REACH	7	7	1.603	REACH	7	7	2.999	REACH	7	7	3.127	REACH	7	7	2.228	REACH	7	7	1.869	
1-Insertions_5_reachable_10	REACH	7	7	0.064	REACH	7	7	437.404	REACH	7	7	0.374	REACH	7	7	7.159	REACH	7	7	11.934	REACH	7	7	0.369	REACH	7	7	17.208	REACH	7	7	4.010	REACH	7	7	11.374	REACH	7	7	7.743	REACH	7	7	5.464	REACH	7	7	11.820	REACH	7	7	7.618	REACH	7	7	1.800	
2-Fullins_3_reachable_01	NA	NA	NA	NA	NA	NA	NA	NA	NA	NA	NA	NA	NA	NA	NA	NA	NA	NA	NA	NA	NA	NA	NA	NA	NA	NA	NA	NA	NA	NA	NA	NA	NA	NA	NA	NA	NA	NA	NA	NA	NA	NA	NA	NA	NA	NA	NA	NA	NA	NA	NA	NA	NA	NA	NA	NA	
2-Fullins_3_reachable_02	NA	NA	NA	NA	NA	NA	NA	NA	NA	NA	NA	NA	NA	NA	NA	NA	NA	NA	NA	NA	NA	NA	NA	NA	NA	NA	NA	NA	NA	NA	NA	NA	NA	NA	NA	NA	NA	NA	NA	NA	NA	NA	NA	NA	NA	NA	NA	NA	NA	NA	NA	NA	NA	NA	NA	NA	
2-Fullins_3_reachable_03	NA	NA	NA	NA	NA	NA	NA	NA	NA	NA	NA	NA	NA	NA	NA	NA	NA	NA	NA	NA	NA	NA	NA	NA	NA	NA	NA	NA	NA	NA	NA	NA	NA	NA	NA	NA	NA	NA	NA	NA	NA	NA	NA	NA	NA	NA	NA	NA	NA	NA	NA	NA	NA	NA	NA	NA	
2-Fullins_3_reachable_04	NA	NA	NA	NA	NA	NA	NA	NA	NA	NA	NA	NA	NA	NA	NA	NA	NA	NA	NA	NA	NA	NA	NA	NA	NA	NA	NA	NA	NA	NA	NA	NA	NA	NA	NA	NA	NA	NA	NA	NA	NA	NA	NA	NA	NA	NA	NA	NA	NA	NA	NA	NA	NA	NA	NA	NA	
2-Fullins_3_reachable_05	NA	NA	NA	NA	NA	NA	NA	NA	NA	NA	NA	NA	NA	NA	NA	NA	NA	NA	NA	NA	NA	NA	NA	NA	NA	NA	NA	NA	NA	NA	NA	NA	NA	NA	NA	NA	NA	NA	NA	NA	NA	NA	NA	NA	NA	NA	NA	NA	NA	NA	NA	NA	NA	NA	NA	NA	
2-Fullins_3_reachable_06	NA	NA	NA	NA	NA	NA	NA	NA	NA	NA	NA	NA	NA	NA	NA	NA	NA	NA	NA	NA	NA	NA	NA	NA	NA	NA	NA	NA	NA	NA	NA	NA	NA	NA	NA	NA	NA	NA	NA	NA	NA	NA	NA	NA	NA	NA	NA	NA	NA	NA	NA	NA	NA	NA	NA	NA	
2-Fullins_3_reachable_07	NA	NA	NA	NA	NA	NA	NA	NA	NA	NA	NA	NA	NA	NA	NA	NA	NA	NA	NA	NA	NA	NA	NA	NA	NA	NA	NA	NA	NA	NA	NA	NA	NA	NA	NA	NA	NA	NA	NA	NA	NA	NA	NA	NA	NA	NA	NA	NA	NA	NA	NA	NA	NA	NA	NA	NA	
2-Fullins_3_reachable_08	NA	NA	NA	NA	NA	NA	NA	NA	NA	NA	NA	NA	NA	NA	NA	NA	NA	NA	NA	NA	NA	NA	NA	NA	NA	NA	NA	NA	NA	NA	NA	NA	NA	NA	NA	NA	NA	NA	NA	NA	NA	NA	NA	NA	NA	NA	NA	NA	NA	NA	NA	NA	NA	NA	NA	NA	
2-Fullins_3_reachable_09	NA	NA	NA	NA	NA	NA	NA	NA	NA	NA	NA	NA	NA	NA	NA	NA	NA	NA	NA	NA	NA	NA	NA	NA	NA	NA	NA	NA	NA	NA	NA	NA	NA	NA	NA	NA	NA	NA	NA	NA	NA	NA	NA	NA	NA	NA	NA	NA	NA	NA	NA	NA	NA	NA	NA	NA	
2-Fullins_3_reachable_10	NA	NA	NA	NA	NA	NA	NA	NA	NA	NA	NA	NA	NA	NA	NA	NA	NA	NA	NA	NA	NA	NA	NA	NA	NA	NA	NA	NA	NA	NA	NA	NA	NA	NA	NA	NA	NA	NA	NA	NA	NA	NA	NA	NA	NA	NA	NA	NA	NA	NA	NA	NA	NA	NA	NA	NA	
2-FullIns_4_reachable_01	REACH	3	3	0.030	REACH	3	3	0.030	REACH	3	3	0.124	REACH	3	3	0.616	REACH	3	3	0.029	REACH	3	3	0.125	REACH	3	3	0.600	REACH	3	3	0.123	REACH	3	3	0.627	REACH	3	3	0.678	REACH	3	3	0.629	REACH	3	3	0.674	REACH	3	3	0.696	REACH	3	3	0.685	
2-FullIns_4_reachable_02	REACH	3	3	0.030	REACH	3	3	0.030	REACH	3	3	0.124	REACH	3	3	0.616	REACH	3	3	0.030	REACH	3	3	0.124	REACH	3	3	0.597	REACH	3	3	0.126	REACH	3	3	0.637	REACH	3	3	0.702	REACH	3	3	0.623	REACH	3	3	0.669	REACH	3	3	0.692	REACH	3	3	0.697	
2-FullIns_4_reachable_03	REACH	3	3	0.029	REACH	3	3	0.030	REACH	3	3	0.125	REACH	3	3	0.623	REACH	3	3	0.029	REACH	3	3	0.121	REACH	3	3	0.611	REACH	3	3	0.122	REACH	3	3	0.619	REACH	3	3	0.678	REACH	3	3	0.631	REACH	3	3	0.661	REACH	3	3	0.699	REACH	3	3	0.695	
2-FullIns_4_reachable_04	REACH	3	3	0.029	REACH	3	3	0.030	REACH	3	3	0.124	REACH	3	3	0.625	REACH	3	3	0.030	REACH	3	3	0.125	REACH	3	3	0.626	REACH	3	3	0.123	REACH	3	3	0.631	REACH	3	3	0.690	REACH	3	3	0.628	REACH	3	3	0.665	REACH	3	3	0.692	REACH	3	3	0.695	
2-FullIns_4_reachable_05	REACH	3	3	0.030	REACH	3	3	0.032	REACH	3	3	0.124	REACH	3	3	0.612	REACH	3	3	0.029	REACH	3	3	0.121	REACH	3	3	0.601	REACH	3	3	0.122	REACH	3	3	0.623	REACH	3	3	0.683	REACH	3	3	0.625	REACH	3	3	0.658	REACH	3	3	0.686	REACH	3	3	0.692	
2-FullIns_4_reachable_06	REACH	3	3	0.030	REACH	3	3	0.030	REACH	3	3	0.125	REACH	3	3	0.618	REACH	3	3	0.030	REACH	3	3	0.123	REACH	3	3	0.610	REACH	3	3	0.123	REACH	3	3	0.627	REACH	3	3	0.682	REACH	3	3	0.627	REACH	3	3	0.667	REACH	3	3	0.690	REACH	3	3	0.692	
2-FullIns_4_reachable_07	REACH	3	3	0.030	REACH	3	3	0.030	REACH	3	3	0.126	REACH	3	3	0.610	REACH	3	3	0.029	REACH	3	3	0.127	REACH	3	3	0.601	REACH	3	3	0.123	REACH	3	3	0.631	REACH	3	3	0.676	REACH	3	3	0.629	REACH	3	3	0.660	REACH	3	3	0.690	REACH	3	3	0.687	
2-FullIns_4_reachable_08	REACH	3	3	0.030	REACH	3	3	0.031	REACH	3	3	0.125	REACH	3	3	0.623	REACH	3	3	0.030	REACH	3	3	0.122	REACH	3	3	0.613	REACH	3	3	0.123	REACH	3	3	0.633	REACH	3	3	0.680	REACH	3	3	0.626	REACH	3	3	0.659	REACH	3	3	0.691	REACH	3	3	0.689	
2-FullIns_4_reachable_09	REACH	3	3	0.030	REACH	3	3	0.030	REACH	3	3	0.125	REACH	3	3	0.618	REACH	3	3	0.030	REACH	3	3	0.122	REACH	3	3	0.608	REACH	3	3	0.123	REACH	3	3	0.631	REACH	3	3	0.697	REACH	3	3	0.629	REACH	3	3	0.658	REACH	3	3	0.685	REACH	3	3	0.686	
2-FullIns_4_reachable_10	REACH	3	3	0.030	REACH	3	3	0.030	REACH	3	3	0.123	REACH	3	3	0.611	REACH	3	3	0.031	REACH	3	3	0.126	REACH	3	3	0.609	REACH	3	3	0.122	REACH	3	3	0.622	REACH	3	3	0.687	REACH	3	3	0.627	REACH	3	3	0.664	REACH	3	3	0.692	REACH	3	3	0.686	
2-Insertions_3_reachable_01	REACH	10	10	2.086	REACH	10	10	1.714	REACH	10	10	0.585	REACH	10	10	0.769	REACH	10	10	0.814	REACH	10	10	0.716	REACH	10	10	1.217	REACH	10	10	0.529	REACH	10	10	1.337	REACH	10	10	1.004	REACH	10	10	1.171	REACH	10	10	1.277	REACH	10	10	1.329	REACH	10	10	1.138	
2-Insertions_3_reachable_02	REACH	10	10	1.203	REACH	10	10	1.097	REACH	10	10	1.260	REACH	10	10	1.422	REACH	10	10	0.760	REACH	10	10	0.645	REACH	10	10	0.808	REACH	10	10	1.203	REACH	10	10	0.706	REACH	10	10	1.227	REACH	10	10	1.090	REACH	10	10	1.631	REACH	10	10	2.003	REACH	10	10	0.765	
2-Insertions_3_reachable_03	REACH	10	10	1.515	REACH	10	10	1.377	REACH	10	10	0.707	REACH	10	10	1.084	REACH	10	10	0.360	REACH	10	10	1.342	REACH	10	10	1.367	REACH	10	10	1.206	REACH	10	10	1.266	REACH	10	10	1.447	REACH	10	10	1.270	REACH	10	10	2.067	REACH	10	10	1.342	REACH	10	10	1.473	
2-Insertions_3_reachable_04	REACH	10	10	0.709	REACH	10	10	0.898	REACH	10	10	0.776	REACH	10	10	0.799	REACH	10	10	0.976	REACH	10	10	0.765	REACH	10	10	1.354	REACH	10	10	0.686	REACH	10	10	0.884	REACH	10	10	1.172	REACH	10	10	1.207	REACH	10	10	1.850	REACH	10	10	1.117	REACH	10	10	1.546	
2-Insertions_3_reachable_05	REACH	10	10	1.977	REACH	10	10	1.083	REACH	10	10	0.229	REACH	10	10	1.100	REACH	10	10	0.776	REACH	10	10	0.228	REACH	10	10	1.075	REACH	10	10	0.613	REACH	10	10	1.099	REACH	10	10	0.920	REACH	10	10	0.894	REACH	10	10	1.509	REACH	10	10	1.400	REACH	10	10	0.915	
2-Insertions_3_reachable_06	REACH	10	10	0.864	REACH	10	10	1.368	REACH	10	10	0.936	REACH	10	10	0.867	REACH	10	10	0.743	REACH	10	10	1.022	REACH	10	10	0.553	REACH	10	10	0.669	REACH	10	10	0.973	REACH	10	10	0.846	REACH	10	10	1.046	REACH	10	10	1.472	REACH	10	10	1.133	REACH	10	10	2.210	
2-Insertions_3_reachable_07	REACH	10	10	1.098	REACH	10	10	0.968	REACH	10	10	0.383	REACH	10	10	0.976	REACH	10	10	0.401	REACH	10	10	0.872	REACH	10	10	0.832	REACH	10	10	1.299	REACH	10	10	1.218	REACH	10	10	1.346	REACH	10	10	1.040	REACH	10	10	1.555	REACH	10	10	1.275	REACH	10	10	0.725	
2-Insertions_3_reachable_08	REACH	10	10	2.247	REACH	10	10	1.038	REACH	10	10	0.638	REACH	10	10	1.273	REACH	10	10	0.529	REACH	10	10	0.693	REACH	10	10	1.552	REACH	10	10	0.501	REACH	10	10	0.876	REACH	10	10	0.707	REACH	10	10	0.485	REACH	10	10	1.528	REACH	10	10	1.029	REACH	10	10	1.782	
2-Insertions_3_reachable_09	REACH	10	10	1.027	REACH	10	10	1.709	REACH	10	10	0.647	REACH	10	10	1.191	REACH	10	10	0.807	REACH	10	10	1.204	REACH	10	10	1.471	REACH	10	10	1.024	REACH	10	10	1.310	REACH	10	10	1.076	REACH	10	10	1.585	REACH	10	10	1.833	REACH	10	10	1.431	REACH	10	10	1.344	
2-Insertions_3_reachable_10	REACH	10	10	0.933	REACH	10	10	0.907	REACH	10	10	0.699	REACH	10	10	1.075	REACH	10	10	0.665	REACH	10	10	0.900	REACH	10	10	1.631	REACH	10	10	0.725	REACH	10	10	1.288	REACH	10	10	1.768	REACH	10	10	1.949	REACH	10	10	1.639	REACH	10	10	1.948	REACH	10	10	0.989	
3-Fullins_3_reachable_01	NA	NA	NA	NA	NA	NA	NA	NA	NA	NA	NA	NA	NA	NA	NA	NA	NA	NA	NA	NA	NA	NA	NA	NA	NA	NA	NA	NA	NA	NA	NA	NA	NA	NA	NA	NA	NA	NA	NA	NA	NA	NA	NA	NA	NA	NA	NA	NA	NA	NA	NA	NA	NA	NA	NA	NA	
3-Fullins_3_reachable_02	NA	NA	NA	NA	NA	NA	NA	NA	NA	NA	NA	NA	NA	NA	NA	NA	NA	NA	NA	NA	NA	NA	NA	NA	NA	NA	NA	NA	NA	NA	NA	NA	NA	NA	NA	NA	NA	NA	NA	NA	NA	NA	NA	NA	NA	NA	NA	NA	NA	NA	NA	NA	NA	NA	NA	NA	
3-Fullins_3_reachable_03	NA	NA	NA	NA	NA	NA	NA	NA	NA	NA	NA	NA	NA	NA	NA	NA	NA	NA	NA	NA	NA	NA	NA	NA	NA	NA	NA	NA	NA	NA	NA	NA	NA	NA	NA	NA	NA	NA	NA	NA	NA	NA	NA	NA	NA	NA	NA	NA	NA	NA	NA	NA	NA	NA	NA	NA	
3-Fullins_3_reachable_04	NA	NA	NA	NA	NA	NA	NA	NA	NA	NA	NA	NA	NA	NA	NA	NA	NA	NA	NA	NA	NA	NA	NA	NA	NA	NA	NA	NA	NA	NA	NA	NA	NA	NA	NA	NA	NA	NA	NA	NA	NA	NA	NA	NA	NA	NA	NA	NA	NA	NA	NA	NA	NA	NA	NA	NA	
3-Fullins_4_reachable_01	NA	NA	NA	NA	NA	NA	NA	NA	NA	NA	NA	NA	NA	NA	NA	NA	NA	NA	NA	NA	NA	NA	NA	NA	NA	NA	NA	NA	NA	NA	NA	NA	NA	NA	NA	NA	NA	NA	NA	NA	NA	NA	NA	NA	NA	NA	NA	NA	NA	NA	NA	NA	NA	NA	NA	NA	
3-Fullins_4_reachable_02	NA	NA	NA	NA	NA	NA	NA	NA	NA	NA	NA	NA	NA	NA	NA	NA	NA	NA	NA	NA	NA	NA	NA	NA	NA	NA	NA	NA	NA	NA	NA	NA	NA	NA	NA	NA	NA	NA	NA	NA	NA	NA	NA	NA	NA	NA	NA	NA	NA	NA	NA	NA	NA	NA	NA	NA	
3-Fullins_4_reachable_03	NA	NA	NA	NA	NA	NA	NA	NA	NA	NA	NA	NA	NA	NA	NA	NA	NA	NA	NA	NA	NA	NA	NA	NA	NA	NA	NA	NA	NA	NA	NA	NA	NA	NA	NA	NA	NA	NA	NA	NA	NA	NA	NA	NA	NA	NA	NA	NA	NA	NA	NA	NA	NA	NA	NA	NA	
3-Fullins_4_reachable_04	NA	NA	NA	NA	NA	NA	NA	NA	NA	NA	NA	NA	NA	NA	NA	NA	NA	NA	NA	NA	NA	NA	NA	NA	NA	NA	NA	NA	NA	NA	NA	NA	NA	NA	NA	NA	NA	NA	NA	NA	NA	NA	NA	NA	NA	NA	NA	NA	NA	NA	NA	NA	NA	NA	NA	NA	
3-Fullins_4_reachable_05	NA	NA	NA	NA	NA	NA	NA	NA	NA	NA	NA	NA	NA	NA	NA	NA	NA	NA	NA	NA	NA	NA	NA	NA	NA	NA	NA	NA	NA	NA	NA	NA	NA	NA	NA	NA	NA	NA	NA	NA	NA	NA	NA	NA	NA	NA	NA	NA	NA	NA	NA	NA	NA	NA	NA	NA	
3-Fullins_4_reachable_06	NA	NA	NA	NA	NA	NA	NA	NA	NA	NA	NA	NA	NA	NA	NA	NA	NA	NA	NA	NA	NA	NA	NA	NA	NA	NA	NA	NA	NA	NA	NA	NA	NA	NA	NA	NA	NA	NA	NA	NA	NA	NA	NA	NA	NA	NA	NA	NA	NA	NA	NA	NA	NA	NA	NA	NA	
3-Fullins_4_reachable_07	NA	NA	NA	NA	NA	NA	NA	NA	NA	NA	NA	NA	NA	NA	NA	NA	NA	NA	NA	NA	NA	NA	NA	NA	NA	NA	NA	NA	NA	NA	NA	NA	NA	NA	NA	NA	NA	NA	NA	NA	NA	NA	NA	NA	NA	NA	NA	NA	NA	NA	NA	NA	NA	NA	NA	NA	
3-Fullins_4_reachable_08	NA	NA	NA	NA	NA	NA	NA	NA	NA	NA	NA	NA	NA	NA	NA	NA	NA	NA	NA	NA	NA	NA	NA	NA	NA	NA	NA	NA	NA	NA	NA	NA	NA	NA	NA	NA	NA	NA	NA	NA	NA	NA	NA	NA	NA	NA	NA	NA	NA	NA	NA	NA	NA	NA	NA	NA	
3-Fullins_4_reachable_09	NA	NA	NA	NA	NA	NA	NA	NA	NA	NA	NA	NA	NA	NA	NA	NA	NA	NA	NA	NA	NA	NA	NA	NA	NA	NA	NA	NA	NA	NA	NA	NA	NA	NA	NA	NA	NA	NA	NA	NA	NA	NA	NA	NA	NA	NA	NA	NA	NA	NA	NA	NA	NA	NA	NA	NA	
3-Fullins_4_reachable_10	NA	NA	NA	NA	NA	NA	NA	NA	NA	NA	NA	NA	NA	NA	NA	NA	NA	NA	NA	NA	NA	NA	NA	NA	NA	NA	NA	NA	NA	NA	NA	NA	NA	NA	NA	NA	NA	NA	NA	NA	NA	NA	NA	NA	NA	NA	NA	NA	NA	NA	NA	NA	NA	NA	NA	NA	
3-Insertions_3_reachable_01	REACH	20	20	79.634	REACH	20	20	38.619	REACH	20	20	54.658	REACH	20	20	77.341	REACH	20	20	27.565	REACH	20	20	90.098	REACH	20	20	61.160	REACH	20	20	37.025	REACH	20	20	72.547	REACH	20	20	125.381	REACH	20	20	97.446	REACH	20	20	54.406	REACH	20	20	108.208	REACH	20	20	71.557	
3-Insertions_3_reachable_02	REACH	20	20	82.106	REACH	20	20	176.597	REACH	20	20	64.844	REACH	20	20	80.972	REACH	20	20	95.683	REACH	20	20	47.393	REACH	20	20	54.316	REACH	20	20	53.440	REACH	20	20	75.396	REACH	20	20	75.930	REACH	20	20	62.731	REACH	20	20	85.849	REACH	20	20	79.150	REACH	20	20	77.426	
3-Insertions_3_reachable_03	REACH	20	20	56.154	REACH	20	20	111.002	REACH	20	20	72.793	REACH	20	20	62.807	UNKN	-1	17	599.933	REACH	20	20	52.135	REACH	20	20	83.818	REACH	20	20	34.727	REACH	20	20	105.956	REACH	20	20	58.853	REACH	20	20	73.894	REACH	20	20	73.703	REACH	20	20	95.389	REACH	20	20	185.846	
3-Insertions_3_reachable_04	REACH	20	20	27.682	REACH	20	20	75.895	REACH	20	20	53.569	REACH	20	20	109.413	REACH	20	20	279.567	REACH	20	20	70.546	REACH	20	20	139.758	REACH	20	20	81.963	REACH	20	20	129.048	REACH	20	20	74.965	REACH	20	20	81.450	REACH	20	20	93.802	REACH	20	20	104.401	REACH	20	20	66.634	
3-Insertions_3_reachable_05	REACH	20	20	45.190	REACH	20	20	20.811	REACH	20	20	58.986	REACH	20	20	70.180	REACH	20	20	70.551	REACH	20	20	58.886	REACH	20	20	69.034	REACH	20	20	29.844	REACH	20	20	47.979	REACH	20	20	70.029	REACH	20	20	70.134	REACH	20	20	87.318	REACH	20	20	128.488	REACH	20	20	108.444	
3-Insertions_3_reachable_06	REACH	20	20	314.228	REACH	20	20	201.858	REACH	20	20	83.525	REACH	20	20	63.599	REACH	20	20	123.812	REACH	20	20	67.070	REACH	20	20	196.731	REACH	20	20	27.068	REACH	20	20	63.039	REACH	20	20	97.234	REACH	20	20	37.444	REACH	20	20	106.275	REACH	20	20	93.936	REACH	20	20	69.588	
3-Insertions_3_reachable_07	REACH	20	20	78.156	REACH	20	20	112.222	REACH	20	20	45.076	REACH	20	20	61.202	REACH	20	20	135.291	REACH	20	20	49.181	REACH	20	20	55.709	REACH	20	20	72.071	REACH	20	20	59.554	REACH	20	20	86.380	REACH	20	20	65.102	REACH	20	20	57.236	REACH	20	20	47.030	REACH	20	20	61.474	
3-Insertions_3_reachable_08	REACH	20	20	43.151	REACH	20	20	62.228	REACH	20	20	44.973	REACH	20	20	64.022	REACH	20	20	24.546	REACH	20	20	57.625	REACH	20	20	62.188	REACH	20	20	59.162	REACH	20	20	72.183	REACH	20	20	61.368	REACH	20	20	73.206	REACH	20	20	96.532	REACH	20	20	105.917	REACH	20	20	64.903	
3-Insertions_3_reachable_09	REACH	20	20	102.554	REACH	20	20	238.413	REACH	20	20	43.190	REACH	20	20	102.270	REACH	20	20	180.939	REACH	20	20	39.937	REACH	20	20	77.021	REACH	20	20	56.550	REACH	20	20	90.937	REACH	20	20	55.254	REACH	20	20	63.954	REACH	20	20	99.179	REACH	20	20	103.937	REACH	20	20	104.548	
3-Insertions_3_reachable_10	REACH	20	20	27.521	REACH	20	20	45.584	REACH	20	20	36.948	REACH	20	20	68.004	REACH	20	20	127.236	REACH	20	20	73.006	REACH	20	20	57.710	REACH	20	20	62.343	REACH	20	20	98.061	REACH	20	20	97.054	REACH	20	20	63.929	REACH	20	20	102.064	REACH	20	20	73.360	REACH	20	20	83.244	
4-Fullins_3_reachable_01	NA	NA	NA	NA	NA	NA	NA	NA	NA	NA	NA	NA	NA	NA	NA	NA	NA	NA	NA	NA	NA	NA	NA	NA	NA	NA	NA	NA	NA	NA	NA	NA	NA	NA	NA	NA	NA	NA	NA	NA	NA	NA	NA	NA	NA	NA	NA	NA	NA	NA	NA	NA	NA	NA	NA	NA	
4-Fullins_3_reachable_02	NA	NA	NA	NA	NA	NA	NA	NA	NA	NA	NA	NA	NA	NA	NA	NA	NA	NA	NA	NA	NA	NA	NA	NA	NA	NA	NA	NA	NA	NA	NA	NA	NA	NA	NA	NA	NA	NA	NA	NA	NA	NA	NA	NA	NA	NA	NA	NA	NA	NA	NA	NA	NA	NA	NA	NA	
4-Fullins_3_reachable_03	NA	NA	NA	NA	NA	NA	NA	NA	NA	NA	NA	NA	NA	NA	NA	NA	NA	NA	NA	NA	NA	NA	NA	NA	NA	NA	NA	NA	NA	NA	NA	NA	NA	NA	NA	NA	NA	NA	NA	NA	NA	NA	NA	NA	NA	NA	NA	NA	NA	NA	NA	NA	NA	NA	NA	NA	
4-Fullins_3_reachable_04	NA	NA	NA	NA	NA	NA	NA	NA	NA	NA	NA	NA	NA	NA	NA	NA	NA	NA	NA	NA	NA	NA	NA	NA	NA	NA	NA	NA	NA	NA	NA	NA	NA	NA	NA	NA	NA	NA	NA	NA	NA	NA	NA	NA	NA	NA	NA	NA	NA	NA	NA	NA	NA	NA	NA	NA	
4-Fullins_3_reachable_05	NA	NA	NA	NA	NA	NA	NA	NA	NA	NA	NA	NA	NA	NA	NA	NA	NA	NA	NA	NA	NA	NA	NA	NA	NA	NA	NA	NA	NA	NA	NA	NA	NA	NA	NA	NA	NA	NA	NA	NA	NA	NA	NA	NA	NA	NA	NA	NA	NA	NA	NA	NA	NA	NA	NA	NA	
4-Fullins_3_reachable_06	NA	NA	NA	NA	NA	NA	NA	NA	NA	NA	NA	NA	NA	NA	NA	NA	NA	NA	NA	NA	NA	NA	NA	NA	NA	NA	NA	NA	NA	NA	NA	NA	NA	NA	NA	NA	NA	NA	NA	NA	NA	NA	NA	NA	NA	NA	NA	NA	NA	NA	NA	NA	NA	NA	NA	NA	
4-Fullins_3_reachable_07	NA	NA	NA	NA	NA	NA	NA	NA	NA	NA	NA	NA	NA	NA	NA	NA	NA	NA	NA	NA	NA	NA	NA	NA	NA	NA	NA	NA	NA	NA	NA	NA	NA	NA	NA	NA	NA	NA	NA	NA	NA	NA	NA	NA	NA	NA	NA	NA	NA	NA	NA	NA	NA	NA	NA	NA	
4-Fullins_3_reachable_08	NA	NA	NA	NA	NA	NA	NA	NA	NA	NA	NA	NA	NA	NA	NA	NA	NA	NA	NA	NA	NA	NA	NA	NA	NA	NA	NA	NA	NA	NA	NA	NA	NA	NA	NA	NA	NA	NA	NA	NA	NA	NA	NA	NA	NA	NA	NA	NA	NA	NA	NA	NA	NA	NA	NA	NA	
4-Fullins_3_reachable_09	NA	NA	NA	NA	NA	NA	NA	NA	NA	NA	NA	NA	NA	NA	NA	NA	NA	NA	NA	NA	NA	NA	NA	NA	NA	NA	NA	NA	NA	NA	NA	NA	NA	NA	NA	NA	NA	NA	NA	NA	NA	NA	NA	NA	NA	NA	NA	NA	NA	NA	NA	NA	NA	NA	NA	NA	
4-Fullins_3_reachable_10	NA	NA	NA	NA	NA	NA	NA	NA	NA	NA	NA	NA	NA	NA	NA	NA	NA	NA	NA	NA	NA	NA	NA	NA	NA	NA	NA	NA	NA	NA	NA	NA	NA	NA	NA	NA	NA	NA	NA	NA	NA	NA	NA	NA	NA	NA	NA	NA	NA	NA	NA	NA	NA	NA	NA	NA	
4-Insertions_3_reachable_01	REACH	3	3	0.009	REACH	3	3	0.009	REACH	3	3	0.018	REACH	3	3	0.048	REACH	3	3	0.009	REACH	3	3	0.017	REACH	3	3	0.047	REACH	3	3	0.031	REACH	3	3	0.051	REACH	3	3	0.054	REACH	3	3	0.053	REACH	3	3	0.053	REACH	3	3	0.058	REACH	3	3	0.059	
4-Insertions_3_reachable_02	REACH	3	3	0.008	REACH	3	3	0.009	REACH	3	3	0.017	REACH	3	3	0.050	REACH	3	3	0.009	REACH	3	3	0.018	REACH	3	3	0.047	REACH	3	3	0.031	REACH	3	3	0.051	REACH	3	3	0.055	REACH	3	3	0.051	REACH	3	3	0.052	REACH	3	3	0.059	REACH	3	3	0.060	
4-Insertions_3_reachable_03	REACH	3	3	0.009	REACH	3	3	0.009	REACH	3	3	0.017	REACH	3	3	0.046	REACH	3	3	0.009	REACH	3	3	0.017	REACH	3	3	0.048	REACH	3	3	0.031	REACH	3	3	0.051	REACH	3	3	0.054	REACH	3	3	0.053	REACH	3	3	0.053	REACH	3	3	0.059	REACH	3	3	0.059	
4-Insertions_3_reachable_04	REACH	3	3	0.008	REACH	3	3	0.009	REACH	3	3	0.017	REACH	3	3	0.046	REACH	3	3	0.009	REACH	3	3	0.017	REACH	3	3	0.047	REACH	3	3	0.032	REACH	3	3	0.050	REACH	3	3	0.055	REACH	3	3	0.052	REACH	3	3	0.052	REACH	3	3	0.058	REACH	3	3	0.058	
4-Insertions_3_reachable_05	REACH	3	3	0.008	REACH	3	3	0.010	REACH	3	3	0.017	REACH	3	3	0.047	REACH	3	3	0.009	REACH	3	3	0.017	REACH	3	3	0.047	REACH	3	3	0.031	REACH	3	3	0.051	REACH	3	3	0.056	REACH	3	3	0.051	REACH	3	3	0.054	REACH	3	3	0.057	REACH	3	3	0.059	
4-Insertions_3_reachable_06	REACH	3	3	0.008	REACH	3	3	0.009	REACH	3	3	0.017	REACH	3	3	0.048	REACH	3	3	0.009	REACH	3	3	0.017	REACH	3	3	0.047	REACH	3	3	0.031	REACH	3	3	0.051	REACH	3	3	0.055	REACH	3	3	0.052	REACH	3	3	0.053	REACH	3	3	0.058	REACH	3	3	0.059	
4-Insertions_3_reachable_07	REACH	3	3	0.008	REACH	3	3	0.010	REACH	3	3	0.017	REACH	3	3	0.046	REACH	3	3	0.009	REACH	3	3	0.017	REACH	3	3	0.048	REACH	3	3	0.031	REACH	3	3	0.051	REACH	3	3	0.054	REACH	3	3	0.052	REACH	3	3	0.053	REACH	3	3	0.059	REACH	3	3	0.059	
4-Insertions_3_reachable_08	REACH	3	3	0.008	REACH	3	3	0.009	REACH	3	3	0.017	REACH	3	3	0.047	REACH	3	3	0.009	REACH	3	3	0.017	REACH	3	3	0.049	REACH	3	3	0.032	REACH	3	3	0.051	REACH	3	3	0.056	REACH	3	3	0.053	REACH	3	3	0.053	REACH	3	3	0.058	REACH	3	3	0.059	
4-Insertions_3_reachable_09	REACH	3	3	0.009	REACH	3	3	0.009	REACH	3	3	0.017	REACH	3	3	0.048	REACH	3	3	0.009	REACH	3	3	0.017	REACH	3	3	0.047	REACH	3	3	0.031	REACH	3	3	0.051	REACH	3	3	0.055	REACH	3	3	0.052	REACH	3	3	0.054	REACH	3	3	0.059	REACH	3	3	0.058	
4-Insertions_3_reachable_10	REACH	3	3	0.009	REACH	3	3	0.009	REACH	3	3	0.017	REACH	3	3	0.047	REACH	3	3	0.009	REACH	3	3	0.017	REACH	3	3	0.047	REACH	3	3	0.031	REACH	3	3	0.051	REACH	3	3	0.054	REACH	3	3	0.052	REACH	3	3	0.053	REACH	3	3	0.060	REACH	3	3	0.060	
5-Fullins_3_reachable_01	NA	NA	NA	NA	NA	NA	NA	NA	NA	NA	NA	NA	NA	NA	NA	NA	NA	NA	NA	NA	NA	NA	NA	NA	NA	NA	NA	NA	NA	NA	NA	NA	NA	NA	NA	NA	NA	NA	NA	NA	NA	NA	NA	NA	NA	NA	NA	NA	NA	NA	NA	NA	NA	NA	NA	NA	
5-Fullins_3_reachable_02	NA	NA	NA	NA	NA	NA	NA	NA	NA	NA	NA	NA	NA	NA	NA	NA	NA	NA	NA	NA	NA	NA	NA	NA	NA	NA	NA	NA	NA	NA	NA	NA	NA	NA	NA	NA	NA	NA	NA	NA	NA	NA	NA	NA	NA	NA	NA	NA	NA	NA	NA	NA	NA	NA	NA	NA	
DSJC1000.9_reachable_01	REACH	1	1	4.998	REACH	1	1	5.072	REACH	1	1	5.057	REACH	1	1	12.631	REACH	1	1	5.023	REACH	1	1	5.030	REACH	1	1	12.563	REACH	1	1	5.039	REACH	1	1	12.496	REACH	1	1	12.499	REACH	1	1	12.554	REACH	1	1	12.448	REACH	1	1	12.580	REACH	1	1	12.521	
DSJC1000.9_reachable_02	REACH	1	1	4.809	REACH	1	1	4.834	REACH	1	1	4.891	REACH	1	1	21.454	REACH	1	1	4.871	REACH	1	1	4.851	REACH	1	1	21.212	REACH	1	1	4.870	REACH	1	1	21.301	REACH	1	1	21.557	REACH	1	1	21.414	REACH	1	1	21.246	REACH	1	1	21.634	REACH	1	1	21.277	
DSJC125.5_reachable_01	UNKN	-1	15	599.957	REACH	23	23	557.664	UNKN	-1	16	599.961	UNKN	-1	10	599.961	REACH	23	23	373.018	UNKN	-1	20	599.953	UNKN	-1	15	599.962	UNKN	-1	21	599.943	UNKN	-1	13	599.961	UNKN	-1	11	599.975	UNKN	-1	14	599.951	UNKN	-1	12	599.945	UNKN	-1	13	599.965	UNKN	-1	11	599.951	
DSJC125.9_reachable_01	REACH	3	3	0.075	REACH	3	3	0.076	REACH	3	3	0.188	REACH	3	3	4.427	REACH	3	3	0.077	REACH	3	3	0.183	REACH	3	3	4.327	REACH	3	3	0.186	REACH	3	3	4.226	REACH	3	3	4.437	REACH	3	3	4.522	REACH	3	3	4.434	REACH	3	3	4.546	REACH	3	3	4.444	
DSJC125.9_reachable_02	REACH	3	3	0.075	REACH	3	3	0.076	REACH	3	3	0.187	REACH	3	3	4.640	REACH	3	3	0.077	REACH	3	3	0.184	REACH	3	3	4.330	REACH	3	3	0.201	REACH	3	3	4.422	REACH	3	3	4.449	REACH	3	3	4.520	REACH	3	3	4.334	REACH	3	3	4.414	REACH	3	3	4.451	
DSJC125.9_reachable_03	REACH	3	3	0.075	REACH	3	3	0.076	REACH	3	3	0.189	REACH	3	3	4.464	REACH	3	3	0.075	REACH	3	3	0.185	REACH	3	3	4.560	REACH	3	3	0.187	REACH	3	3	4.254	REACH	3	3	4.531	REACH	3	3	4.262	REACH	3	3	4.554	REACH	3	3	4.561	REACH	3	3	4.519	
DSJC125.9_reachable_04	REACH	3	3	0.075	REACH	3	3	0.076	REACH	3	3	0.194	REACH	3	3	4.376	REACH	3	3	0.077	REACH	3	3	0.181	REACH	3	3	4.590	REACH	3	3	0.186	REACH	3	3	4.290	REACH	3	3	4.510	REACH	3	3	4.362	REACH	3	3	4.768	REACH	3	3	4.707	REACH	3	3	4.784	
DSJC125.9_reachable_05	REACH	3	3	0.075	REACH	3	3	0.077	REACH	3	3	0.190	REACH	3	3	4.363	REACH	3	3	0.078	REACH	3	3	0.185	REACH	3	3	4.290	REACH	3	3	0.184	REACH	3	3	4.292	REACH	3	3	4.442	REACH	3	3	4.385	REACH	3	3	4.453	REACH	3	3	4.455	REACH	3	3	4.594	
DSJC125.9_reachable_06	REACH	3	3	0.073	REACH	3	3	0.077	REACH	3	3	0.187	REACH	3	3	4.340	REACH	3	3	0.076	REACH	3	3	0.182	REACH	3	3	4.503	REACH	3	3	0.184	REACH	3	3	4.402	REACH	3	3	4.525	REACH	3	3	4.252	REACH	3	3	4.933	REACH	3	3	4.477	REACH	3	3	4.422	
DSJC125.9_reachable_07	REACH	3	3	0.075	REACH	3	3	0.074	REACH	3	3	0.187	REACH	3	3	4.391	REACH	3	3	0.076	REACH	3	3	0.185	REACH	3	3	4.263	REACH	3	3	0.183	REACH	3	3	4.341	REACH	3	3	4.441	REACH	3	3	4.322	REACH	3	3	4.366	REACH	3	3	4.461	REACH	3	3	4.402	
DSJC125.9_reachable_08	REACH	3	3	0.076	REACH	3	3	0.077	REACH	3	3	0.189	REACH	3	3	4.473	REACH	3	3	0.076	REACH	3	3	0.184	REACH	3	3	4.326	REACH	3	3	0.186	REACH	3	3	4.346	REACH	3	3	4.500	REACH	3	3	4.346	REACH	3	3	4.398	REACH	3	3	4.362	REACH	3	3	4.442	
DSJC125.9_reachable_09	REACH	3	3	0.075	REACH	3	3	0.076	REACH	3	3	0.187	REACH	3	3	4.317	REACH	3	3	0.077	REACH	3	3	0.187	REACH	3	3	4.346	REACH	3	3	0.184	REACH	3	3	4.298	REACH	3	3	5.129	REACH	3	3	4.547	REACH	3	3	4.444	REACH	3	3	4.628	REACH	3	3	4.449	
DSJC125.9_reachable_10	REACH	3	3	0.075	REACH	3	3	0.076	REACH	3	3	0.187	REACH	3	3	4.319	REACH	3	3	0.078	REACH	3	3	0.183	REACH	3	3	4.280	REACH	3	3	0.185	REACH	3	3	4.200	REACH	3	3	4.455	REACH	3	3	4.302	REACH	3	3	4.342	REACH	3	3	4.477	REACH	3	3	4.388	
DSJC250.9_reachable_01	REACH	4	4	0.495	REACH	4	4	0.405	REACH	4	4	1.439	REACH	4	4	415.011	REACH	4	4	0.419	REACH	4	4	1.433	REACH	4	4	163.756	REACH	4	4	1.387	REACH	4	4	78.250	REACH	4	4	284.326	REACH	4	4	77.627	REACH	4	4	249.485	REACH	4	4	78.709	REACH	4	4	79.402	
DSJC250.9_reachable_02	REACH	4	4	0.434	REACH	4	4	0.423	REACH	4	4	1.793	REACH	4	4	191.451	REACH	4	4	0.412	REACH	4	4	1.387	REACH	4	4	165.880	REACH	4	4	1.594	REACH	4	4	109.457	REACH	4	4	290.983	REACH	4	4	109.652	REACH	4	4	262.452	REACH	4	4	111.687	REACH	4	4	112.649	
DSJC250.9_reachable_03	REACH	4	4	0.395	REACH	4	4	0.430	REACH	4	4	1.505	REACH	4	4	124.058	REACH	4	4	0.415	REACH	4	4	1.387	REACH	4	4	190.847	REACH	4	4	1.725	REACH	4	4	231.498	REACH	4	4	125.518	REACH	4	4	539.036	REACH	4	4	193.942	REACH	4	4	266.575	REACH	4	4	94.114	
DSJC250.9_reachable_04	REACH	4	4	0.415	REACH	4	4	0.407	REACH	4	4	1.348	REACH	4	4	205.973	REACH	4	4	0.607	REACH	4	4	1.552	REACH	4	4	301.345	REACH	4	4	1.432	REACH	4	4	111.928	REACH	4	4	175.852	REACH	4	4	110.382	REACH	4	4	206.480	REACH	4	4	112.635	REACH	4	4	112.168	
DSJC250.9_reachable_05	REACH	4	4	0.515	REACH	4	4	0.442	REACH	4	4	1.387	REACH	4	4	136.399	REACH	4	4	0.463	REACH	4	4	1.568	REACH	4	4	180.679	REACH	4	4	1.436	REACH	4	4	96.207	REACH	4	4	208.632	REACH	4	4	94.062	REACH	4	4	122.006	REACH	4	4	58.576	REACH	4	4	58.817	
DSJC250.9_reachable_06	REACH	4	4	0.424	REACH	4	4	0.414	REACH	4	4	1.320	REACH	4	4	156.266	REACH	4	4	0.410	REACH	4	4	1.299	REACH	4	4	258.955	REACH	4	4	1.433	REACH	4	4	53.052	REACH	4	4	188.126	REACH	4	4	53.138	REACH	4	4	150.747	REACH	4	4	69.021	REACH	4	4	71.058	
DSJC250.9_reachable_07	REACH	4	4	0.412	REACH	4	4	0.404	REACH	4	4	1.324	REACH	4	4	129.746	REACH	4	4	0.407	REACH	4	4	1.539	REACH	4	4	107.814	REACH	4	4	1.414	REACH	4	4	52.164	REACH	4	4	192.579	REACH	4	4	51.725	REACH	4	4	138.204	REACH	4	4	51.986	REACH	4	4	52.640	
DSJC250.9_reachable_08	REACH	4	4	0.422	REACH	4	4	0.413	REACH	4	4	1.262	REACH	4	4	405.230	REACH	4	4	0.412	REACH	4	4	1.334	REACH	4	4	228.631	REACH	4	4	2.508	REACH	4	4	71.247	REACH	4	4	180.846	REACH	4	4	67.382	REACH	4	4	117.644	REACH	4	4	68.471	REACH	4	4	68.229	
DSJC250.9_reachable_09	REACH	4	4	0.438	REACH	4	4	0.419	REACH	4	4	1.417	REACH	4	4	202.196	REACH	4	4	0.443	REACH	4	4	1.801	REACH	4	4	147.164	REACH	4	4	1.884	REACH	4	4	182.361	REACH	4	4	204.247	REACH	4	4	361.025	REACH	4	4	183.471	REACH	4	4	70.134	REACH	4	4	70.242	
DSJC250.9_reachable_10	REACH	4	4	0.412	REACH	4	4	0.467	REACH	4	4	1.371	REACH	4	4	103.611	REACH	4	4	0.444	REACH	4	4	1.598	REACH	4	4	163.127	REACH	4	4	1.402	REACH	4	4	59.194	REACH	4	4	272.705	REACH	4	4	60.004	REACH	4	4	218.931	REACH	4	4	364.973	REACH	4	4	219.416	
DSJC500.9_reachable_01	REACH	8	8	97.774	REACH	8	8	111.942	REACH	8	8	271.983	UNKN	-1	3	600.383	REACH	8	8	146.563	REACH	8	8	230.274	UNKN	-1	3	600.029	UNKN	-1	8	599.930	UNKN	-1	3	601.173	UNKN	-1	3	600.607	UNKN	-1	3	602.401	UNKN	-1	3	601.711	UNKN	-1	3	603.960	UNKN	-1	3	603.848	
DSJC500.9_reachable_02	REACH	8	8	44.250	REACH	8	8	91.646	UNKN	-1	8	599.939	UNKN	-1	3	600.465	REACH	8	8	153.392	REACH	8	8	165.097	UNKN	-1	3	600.992	UNKN	-1	7	599.990	UNKN	-1	4	620.927	UNKN	-1	3	604.057	UNKN	-1	4	607.800	UNKN	-1	3	600.899	UNKN	-1	4	623.609	UNKN	-1	4	627.018	
DSJC500.9_reachable_03	REACH	8	8	117.822	REACH	8	8	210.970	REACH	8	8	498.785	UNKN	-1	3	602.319	REACH	8	8	123.529	UNKN	-1	8	599.936	UNKN	-1	3	601.822	UNKN	-1	7	599.947	UNKN	-1	3	605.544	UNKN	-1	3	601.625	UNKN	-1	3	606.455	UNKN	-1	3	600.378	UNKN	-1	3	602.934	UNKN	-1	3	607.460	
DSJC500.9_reachable_04	REACH	8	8	49.192	REACH	8	8	150.205	UNKN	-1	8	599.950	UNKN	-1	3	603.515	REACH	8	8	117.628	REACH	8	8	540.608	UNKN	-1	3	604.282	UNKN	-1	7	599.952	UNKN	-1	4	602.105	UNKN	-1	3	602.708	UNKN	-1	4	601.881	UNKN	-1	3	603.396	UNKN	-1	4	601.378	UNKN	-1	4	601.054	
DSJC500.9_reachable_05	REACH	8	8	87.346	REACH	8	8	240.271	REACH	8	8	472.088	UNKN	-1	3	602.076	REACH	8	8	123.736	REACH	8	8	456.739	UNKN	-1	3	600.638	UNKN	-1	6	599.935	UNKN	-1	4	632.094	UNKN	-1	3	600.675	UNKN	-1	4	613.532	UNKN	-1	3	600.443	UNKN	-1	4	609.494	UNKN	-1	4	608.608	
DSJC500.9_reachable_06	REACH	8	8	83.243	REACH	8	8	141.193	UNKN	-1	8	599.953	UNKN	-1	3	602.950	REACH	8	8	63.370	REACH	8	8	310.219	UNKN	-1	3	602.547	UNKN	-1	7	599.945	UNKN	-1	4	607.348	UNKN	-1	3	603.682	UNKN	-1	4	610.452	UNKN	-1	3	601.478	UNKN	-1	4	605.838	UNKN	-1	4	621.187	
DSJC500.9_reachable_07	REACH	8	8	157.885	REACH	8	8	118.229	REACH	8	8	430.944	UNKN	-1	3	602.201	REACH	8	8	118.038	UNKN	-1	8	599.940	UNKN	-1	3	603.017	UNKN	-1	7	599.955	UNKN	-1	4	641.916	UNKN	-1	3	604.351	UNKN	-1	4	620.084	UNKN	-1	3	601.474	UNKN	-1	4	647.054	UNKN	-1	4	621.708	
DSJC500.9_reachable_08	REACH	8	8	121.766	REACH	8	8	189.404	REACH	8	8	394.749	UNKN	-1	3	600.934	REACH	8	8	147.806	REACH	8	8	527.017	UNKN	-1	3	603.792	REACH	8	8	468.162	UNKN	-1	4	619.085	UNKN	-1	3	600.733	UNKN	-1	4	606.985	UNKN	-1	3	603.293	UNKN	-1	4	610.901	UNKN	-1	4	609.680	
DSJC500.9_reachable_09	REACH	8	8	208.876	REACH	8	8	175.214	REACH	8	8	127.025	UNKN	-1	3	600.883	REACH	8	8	229.830	REACH	8	8	322.834	UNKN	-1	3	602.008	REACH	8	8	549.660	UNKN	-1	3	602.481	UNKN	-1	3	602.361	UNKN	-1	3	601.929	UNKN	-1	3	602.813	UNKN	-1	3	602.750	UNKN	-1	3	603.818	
DSJC500.9_reachable_10	REACH	8	8	119.311	REACH	8	8	204.161	REACH	8	8	129.807	UNKN	-1	3	601.895	REACH	8	8	84.185	REACH	8	8	168.371	UNKN	-1	3	603.451	UNKN	-1	6	599.968	UNKN	-1	4	610.225	UNKN	-1	3	603.272	UNKN	-1	4	621.059	UNKN	-1	3	601.748	UNKN	-1	4	616.733	UNKN	-1	4	623.313	
anna_reachable_01	REACH	7	7	0.042	REACH	7	7	0.042	REACH	7	7	0.146	REACH	7	7	0.572	REACH	7	7	0.049	REACH	7	7	0.132	REACH	7	7	0.556	REACH	7	7	0.233	REACH	7	7	0.610	REACH	7	7	0.641	REACH	7	7	0.571	REACH	7	7	0.638	REACH	7	7	0.626	REACH	7	7	0.685	
anna_reachable_02	REACH	7	7	0.043	REACH	7	7	0.052	REACH	7	7	0.120	REACH	7	7	0.628	REACH	7	7	0.055	REACH	7	7	0.139	REACH	7	7	0.555	REACH	7	7	0.259	REACH	7	7	0.598	REACH	7	7	0.654	REACH	7	7	0.632	REACH	7	7	0.628	REACH	7	7	0.681	REACH	7	7	0.670	
anna_reachable_03	REACH	7	7	0.052	REACH	7	7	0.059	REACH	7	7	0.153	REACH	7	7	0.594	REACH	7	7	0.050	REACH	7	7	0.137	REACH	7	7	0.591	REACH	7	7	0.233	REACH	7	7	0.631	REACH	7	7	0.655	REACH	7	7	0.594	REACH	7	7	0.660	REACH	7	7	0.768	REACH	7	7	0.707	
anna_reachable_04	REACH	7	7	0.044	REACH	7	7	0.044	REACH	7	7	0.128	REACH	7	7	0.556	REACH	7	7	0.046	REACH	7	7	0.130	REACH	7	7	0.643	REACH	7	7	0.233	REACH	7	7	0.616	REACH	7	7	0.672	REACH	7	7	0.646	REACH	7	7	0.717	REACH	7	7	0.794	REACH	7	7	0.692	
anna_reachable_05	REACH	7	7	0.041	REACH	7	7	0.048	REACH	7	7	0.135	REACH	7	7	0.550	REACH	7	7	0.044	REACH	7	7	0.137	REACH	7	7	0.550	REACH	7	7	0.231	REACH	7	7	0.580	REACH	7	7	0.606	REACH	7	7	0.550	REACH	7	7	0.603	REACH	7	7	0.669	REACH	7	7	0.664	
anna_reachable_06	REACH	7	7	0.045	REACH	7	7	0.045	REACH	7	7	0.138	REACH	7	7	0.533	REACH	7	7	0.047	REACH	7	7	0.116	REACH	7	7	0.522	REACH	7	7	0.251	REACH	7	7	0.608	REACH	7	7	0.589	REACH	7	7	0.666	REACH	7	7	0.668	REACH	7	7	0.643	REACH	7	7	0.724	
anna_reachable_07	REACH	7	7	0.044	REACH	7	7	0.050	REACH	7	7	0.130	REACH	7	7	0.590	REACH	7	7	0.049	REACH	7	7	0.131	REACH	7	7	0.573	REACH	7	7	0.231	REACH	7	7	0.654	REACH	7	7	0.690	REACH	7	7	0.615	REACH	7	7	0.678	REACH	7	7	0.734	REACH	7	7	0.675	
anna_reachable_08	REACH	7	7	0.048	REACH	7	7	0.053	REACH	7	7	0.131	REACH	7	7	0.644	REACH	7	7	0.047	REACH	7	7	0.150	REACH	7	7	0.602	REACH	7	7	0.256	REACH	7	7	0.612	REACH	7	7	0.681	REACH	7	7	0.628	REACH	7	7	0.659	REACH	7	7	0.641	REACH	7	7	0.718	
anna_reachable_09	REACH	7	7	0.043	REACH	7	7	0.048	REACH	7	7	0.132	REACH	7	7	0.620	REACH	7	7	0.049	REACH	7	7	0.141	REACH	7	7	0.567	REACH	7	7	0.240	REACH	7	7	0.664	REACH	7	7	0.738	REACH	7	7	0.685	REACH	7	7	0.663	REACH	7	7	0.708	REACH	7	7	0.721	
anna_reachable_10	REACH	7	7	0.048	REACH	7	7	0.050	REACH	7	7	0.155	REACH	7	7	0.560	REACH	7	7	0.057	REACH	7	7	0.150	REACH	7	7	0.556	REACH	7	7	0.233	REACH	7	7	0.638	REACH	7	7	0.708	REACH	7	7	0.630	REACH	7	7	0.699	REACH	7	7	0.709	REACH	7	7	0.691	
david_reachable_01	REACH	1	1	0.007	REACH	1	1	0.007	REACH	1	1	0.007	REACH	1	1	0.011	REACH	1	1	0.007	REACH	1	1	0.008	REACH	1	1	0.011	REACH	1	1	0.008	REACH	1	1	0.011	REACH	1	1	0.012	REACH	1	1	0.012	REACH	1	1	0.012	REACH	1	1	0.012	REACH	1	1	0.014	
david_reachable_02	REACH	1	1	0.007	REACH	1	1	0.009	REACH	1	1	0.008	REACH	1	1	0.013	REACH	1	1	0.007	REACH	1	1	0.008	REACH	1	1	0.013	REACH	1	1	0.008	REACH	1	1	0.013	REACH	1	1	0.014	REACH	1	1	0.013	REACH	1	1	0.013	REACH	1	1	0.014	REACH	1	1	0.014	
david_reachable_03	REACH	1	1	0.007	REACH	1	1	0.007	REACH	1	1	0.008	REACH	1	1	0.013	REACH	1	1	0.007	REACH	1	1	0.008	REACH	1	1	0.013	REACH	1	1	0.008	REACH	1	1	0.013	REACH	1	1	0.015	REACH	1	1	0.013	REACH	1	1	0.013	REACH	1	1	0.014	REACH	1	1	0.016	
david_reachable_04	REACH	1	1	0.007	REACH	1	1	0.009	REACH	1	1	0.008	REACH	1	1	0.013	REACH	1	1	0.007	REACH	1	1	0.008	REACH	1	1	0.013	REACH	1	1	0.008	REACH	1	1	0.013	REACH	1	1	0.014	REACH	1	1	0.013	REACH	1	1	0.013	REACH	1	1	0.014	REACH	1	1	0.014	
david_reachable_05	REACH	1	1	0.007	REACH	1	1	0.009	REACH	1	1	0.008	REACH	1	1	0.013	REACH	1	1	0.007	REACH	1	1	0.008	REACH	1	1	0.013	REACH	1	1	0.008	REACH	1	1	0.013	REACH	1	1	0.015	REACH	1	1	0.013	REACH	1	1	0.014	REACH	1	1	0.014	REACH	1	1	0.016	
david_reachable_06	REACH	1	1	0.007	REACH	1	1	0.009	REACH	1	1	0.008	REACH	1	1	0.013	REACH	1	1	0.007	REACH	1	1	0.008	REACH	1	1	0.013	REACH	1	1	0.008	REACH	1	1	0.013	REACH	1	1	0.014	REACH	1	1	0.013	REACH	1	1	0.014	REACH	1	1	0.014	REACH	1	1	0.014	
david_reachable_07	REACH	1	1	0.007	REACH	1	1	0.009	REACH	1	1	0.008	REACH	1	1	0.013	REACH	1	1	0.007	REACH	1	1	0.008	REACH	1	1	0.013	REACH	1	1	0.008	REACH	1	1	0.013	REACH	1	1	0.015	REACH	1	1	0.013	REACH	1	1	0.014	REACH	1	1	0.014	REACH	1	1	0.014	
david_reachable_08	REACH	1	1	0.007	REACH	1	1	0.009	REACH	1	1	0.008	REACH	1	1	0.013	REACH	1	1	0.007	REACH	1	1	0.008	REACH	1	1	0.013	REACH	1	1	0.008	REACH	1	1	0.013	REACH	1	1	0.015	REACH	1	1	0.013	REACH	1	1	0.014	REACH	1	1	0.014	REACH	1	1	0.014	
david_reachable_09	REACH	1	1	0.007	REACH	1	1	0.009	REACH	1	1	0.008	REACH	1	1	0.013	REACH	1	1	0.007	REACH	1	1	0.008	REACH	1	1	0.013	REACH	1	1	0.008	REACH	1	1	0.013	REACH	1	1	0.015	REACH	1	1	0.013	REACH	1	1	0.013	REACH	1	1	0.014	REACH	1	1	0.014	
david_reachable_10	REACH	1	1	0.007	REACH	1	1	0.009	REACH	1	1	0.008	REACH	1	1	0.013	REACH	1	1	0.007	REACH	1	1	0.008	REACH	1	1	0.013	REACH	1	1	0.008	REACH	1	1	0.013	REACH	1	1	0.015	REACH	1	1	0.013	REACH	1	1	0.014	REACH	1	1	0.014	REACH	1	1	0.016	
hc-square-005-002_reachable_01	REACH	10	10	0.485	REACH	10	10	0.187	REACH	10	10	0.149	REACH	10	10	0.209	REACH	10	10	3.199	REACH	10	10	0.145	REACH	10	10	0.158	REACH	10	10	0.146	REACH	10	10	0.179	REACH	10	10	0.206	REACH	10	10	0.179	REACH	10	10	0.266	REACH	10	10	0.239	REACH	10	10	0.197	
hc-square-005-002_reachable_02	REACH	10	10	1.251	REACH	10	10	0.376	REACH	10	10	0.146	REACH	10	10	0.214	REACH	10	10	0.039	REACH	10	10	0.156	REACH	10	10	0.196	REACH	10	10	0.146	REACH	10	10	0.180	REACH	10	10	0.207	REACH	10	10	0.232	REACH	10	10	0.270	REACH	10	10	0.230	REACH	10	10	0.219	
huck_reachable_01	REACH	6	6	0.019	REACH	6	6	0.020	REACH	6	6	0.071	REACH	6	6	0.164	REACH	6	6	0.020	REACH	6	6	0.072	REACH	6	6	0.162	REACH	6	6	0.080	REACH	6	6	0.163	REACH	6	6	0.192	REACH	6	6	0.169	REACH	6	6	0.181	REACH	6	6	0.192	REACH	6	6	0.186	
huck_reachable_02	REACH	6	6	0.019	REACH	6	6	0.021	REACH	6	6	0.071	REACH	6	6	0.166	REACH	6	6	0.020	REACH	6	6	0.073	REACH	6	6	0.164	REACH	6	6	0.073	REACH	6	6	0.171	REACH	6	6	0.196	REACH	6	6	0.177	REACH	6	6	0.186	REACH	6	6	0.195	REACH	6	6	0.196	
huck_reachable_03	REACH	6	6	0.019	REACH	6	6	0.019	REACH	6	6	0.071	REACH	6	6	0.176	REACH	6	6	0.020	REACH	6	6	0.070	REACH	6	6	0.169	REACH	6	6	0.074	REACH	6	6	0.168	REACH	6	6	0.188	REACH	6	6	0.172	REACH	6	6	0.183	REACH	6	6	0.188	REACH	6	6	0.193	
huck_reachable_04	REACH	6	6	0.019	REACH	6	6	0.020	REACH	6	6	0.070	REACH	6	6	0.169	REACH	6	6	0.020	REACH	6	6	0.071	REACH	6	6	0.167	REACH	6	6	0.076	REACH	6	6	0.167	REACH	6	6	0.192	REACH	6	6	0.169	REACH	6	6	0.191	REACH	6	6	0.195	REACH	6	6	0.191	
huck_reachable_05	REACH	6	6	0.020	REACH	6	6	0.021	REACH	6	6	0.076	REACH	6	6	0.168	REACH	6	6	0.019	REACH	6	6	0.071	REACH	6	6	0.170	REACH	6	6	0.074	REACH	6	6	0.171	REACH	6	6	0.199	REACH	6	6	0.170	REACH	6	6	0.189	REACH	6	6	0.190	REACH	6	6	0.199	
huck_reachable_06	REACH	6	6	0.020	REACH	6	6	0.022	REACH	6	6	0.074	REACH	6	6	0.166	REACH	6	6	0.020	REACH	6	6	0.074	REACH	6	6	0.161	REACH	6	6	0.074	REACH	6	6	0.165	REACH	6	6	0.198	REACH	6	6	0.170	REACH	6	6	0.184	REACH	6	6	0.199	REACH	6	6	0.188	
huck_reachable_07	REACH	6	6	0.018	REACH	6	6	0.020	REACH	6	6	0.069	REACH	6	6	0.161	REACH	6	6	0.020	REACH	6	6	0.069	REACH	6	6	0.162	REACH	6	6	0.074	REACH	6	6	0.161	REACH	6	6	0.184	REACH	6	6	0.165	REACH	6	6	0.179	REACH	6	6	0.189	REACH	6	6	0.188	
huck_reachable_08	REACH	6	6	0.019	REACH	6	6	0.019	REACH	6	6	0.075	REACH	6	6	0.176	REACH	6	6	0.020	REACH	6	6	0.077	REACH	6	6	0.165	REACH	6	6	0.073	REACH	6	6	0.176	REACH	6	6	0.193	REACH	6	6	0.167	REACH	6	6	0.192	REACH	6	6	0.201	REACH	6	6	0.196	
huck_reachable_09	REACH	6	6	0.019	REACH	6	6	0.022	REACH	6	6	0.072	REACH	6	6	0.169	REACH	6	6	0.020	REACH	6	6	0.073	REACH	6	6	0.168	REACH	6	6	0.073	REACH	6	6	0.176	REACH	6	6	0.186	REACH	6	6	0.174	REACH	6	6	0.184	REACH	6	6	0.195	REACH	6	6	0.196	
huck_reachable_10	REACH	6	6	0.019	REACH	6	6	0.020	REACH	6	6	0.075	REACH	6	6	0.164	REACH	6	6	0.020	REACH	6	6	0.073	REACH	6	6	0.164	REACH	6	6	0.074	REACH	6	6	0.172	REACH	6	6	0.197	REACH	6	6	0.170	REACH	6	6	0.187	REACH	6	6	0.195	REACH	6	6	0.193	
latin_square_10_reachable_01	REACH	3	3	6.391	REACH	3	3	6.444	REACH	3	3	18.374	UNKN	-1	2	599.967	REACH	3	3	6.437	REACH	3	3	19.223	UNKN	-1	2	599.968	REACH	3	3	18.861	UNKN	-1	2	599.920	UNKN	-1	2	599.967	UNKN	-1	2	599.501	UNKN	-1	2	599.975	UNKN	-1	2	599.723	UNKN	-1	2	599.916	
latin_square_10_reachable_02	REACH	3	3	6.441	REACH	3	3	6.416	REACH	3	3	18.869	UNKN	-1	2	599.965	REACH	3	3	6.493	REACH	3	3	19.003	UNKN	-1	2	599.972	REACH	3	3	22.799	UNKN	-1	2	599.643	UNKN	-1	2	599.968	UNKN	-1	2	599.969	UNKN	-1	2	599.974	UNKN	-1	2	599.972	UNKN	-1	2	599.921	
latin_square_10_reachable_03	REACH	3	3	6.428	REACH	3	3	6.396	REACH	3	3	18.158	UNKN	-1	2	599.973	REACH	3	3	6.496	REACH	3	3	19.056	UNKN	-1	2	599.960	REACH	3	3	18.649	UNKN	-1	2	599.591	UNKN	-1	2	599.968	UNKN	-1	2	599.475	UNKN	-1	2	599.972	UNKN	-1	2	599.970	UNKN	-1	2	599.921	
latin_square_10_reachable_04	REACH	3	3	6.391	REACH	3	3	6.404	REACH	3	3	18.613	UNKN	-1	2	599.971	REACH	3	3	6.455	REACH	3	3	18.659	UNKN	-1	2	599.970	REACH	3	3	18.625	UNKN	-1	2	599.917	UNKN	-1	2	599.971	UNKN	-1	2	599.971	UNKN	-1	2	599.974	UNKN	-1	2	599.969	UNKN	-1	2	599.359	
latin_square_10_reachable_05	REACH	3	3	6.430	REACH	3	3	6.426	REACH	3	3	19.126	UNKN	-1	2	599.965	REACH	3	3	6.501	REACH	3	3	19.352	UNKN	-1	2	599.970	REACH	3	3	23.139	UNKN	-1	2	599.918	UNKN	-1	2	599.962	UNKN	-1	2	599.969	UNKN	-1	2	599.967	UNKN	-1	2	599.971	UNKN	-1	2	599.908	
latin_square_10_reachable_06	REACH	3	3	6.384	REACH	3	3	6.413	REACH	3	3	18.258	UNKN	-1	2	599.973	REACH	3	3	6.479	REACH	3	3	19.189	UNKN	-1	2	599.971	REACH	3	3	18.543	UNKN	-1	2	599.917	UNKN	-1	2	599.970	UNKN	-1	2	599.967	UNKN	-1	2	599.973	UNKN	-1	2	599.971	UNKN	-1	2	599.920	
latin_square_10_reachable_07	REACH	3	3	6.433	REACH	3	3	6.378	REACH	3	3	18.641	UNKN	-1	2	599.971	REACH	3	3	6.471	REACH	3	3	18.908	UNKN	-1	2	599.967	REACH	3	3	18.568	UNKN	-1	2	599.916	UNKN	-1	2	599.970	UNKN	-1	2	599.959	UNKN	-1	2	599.968	UNKN	-1	2	599.966	UNKN	-1	2	599.916	
latin_square_10_reachable_08	REACH	3	3	6.467	REACH	3	3	6.534	REACH	3	3	18.657	UNKN	-1	2	599.967	REACH	3	3	6.574	REACH	3	3	19.390	UNKN	-1	2	599.968	REACH	3	3	23.742	UNKN	-1	2	599.921	UNKN	-1	2	599.972	UNKN	-1	2	599.969	UNKN	-1	2	599.972	UNKN	-1	2	599.967	UNKN	-1	2	599.920	
latin_square_10_reachable_09	REACH	3	3	6.411	REACH	3	3	6.474	REACH	3	3	18.454	UNKN	-1	2	599.970	REACH	3	3	6.475	REACH	3	3	18.605	UNKN	-1	2	599.976	REACH	3	3	18.783	UNKN	-1	2	599.922	UNKN	-1	2	599.966	UNKN	-1	2	599.969	UNKN	-1	2	599.969	UNKN	-1	2	599.970	UNKN	-1	2	599.914	
latin_square_10_reachable_10	REACH	3	3	6.373	REACH	3	3	6.407	REACH	3	3	18.664	UNKN	-1	2	599.972	REACH	3	3	6.438	REACH	3	3	18.805	UNKN	-1	2	599.970	REACH	3	3	18.500	UNKN	-1	2	599.913	UNKN	-1	2	599.967	UNKN	-1	2	599.967	UNKN	-1	2	599.976	UNKN	-1	2	599.968	UNKN	-1	2	599.916	
miles1500_reachable_01	REACH	2	2	0.048	REACH	2	2	0.048	REACH	2	2	0.094	REACH	2	2	1.345	REACH	2	2	0.048	REACH	2	2	0.093	REACH	2	2	1.349	REACH	2	2	0.095	REACH	2	2	1.359	REACH	2	2	1.398	REACH	2	2	1.352	REACH	2	2	1.380	REACH	2	2	1.398	REACH	2	2	1.415	
miles1500_reachable_02	REACH	2	2	0.047	REACH	2	2	0.047	REACH	2	2	0.094	REACH	2	2	1.367	REACH	2	2	0.049	REACH	2	2	0.096	REACH	2	2	1.339	REACH	2	2	0.095	REACH	2	2	1.380	REACH	2	2	1.406	REACH	2	2	1.351	REACH	2	2	1.392	REACH	2	2	1.397	REACH	2	2	1.435	
miles1500_reachable_03	REACH	2	2	0.047	REACH	2	2	0.048	REACH	2	2	0.094	REACH	2	2	1.336	REACH	2	2	0.049	REACH	2	2	0.093	REACH	2	2	1.334	REACH	2	2	0.094	REACH	2	2	1.390	REACH	2	2	1.370	REACH	2	2	1.334	REACH	2	2	1.367	REACH	2	2	1.378	REACH	2	2	1.418	
miles1500_reachable_04	REACH	2	2	0.048	REACH	2	2	0.047	REACH	2	2	0.094	REACH	2	2	1.357	REACH	2	2	0.049	REACH	2	2	0.096	REACH	2	2	1.317	REACH	2	2	0.094	REACH	2	2	1.367	REACH	2	2	1.380	REACH	2	2	1.334	REACH	2	2	1.365	REACH	2	2	1.393	REACH	2	2	1.418	
miles1500_reachable_05	REACH	2	2	0.047	REACH	2	2	0.048	REACH	2	2	0.094	REACH	2	2	1.327	REACH	2	2	0.048	REACH	2	2	0.092	REACH	2	2	1.320	REACH	2	2	0.094	REACH	2	2	1.351	REACH	2	2	1.378	REACH	2	2	1.329	REACH	2	2	1.353	REACH	2	2	1.385	REACH	2	2	1.414	
miles1500_reachable_06	REACH	2	2	0.047	REACH	2	2	0.050	REACH	2	2	0.093	REACH	2	2	1.341	REACH	2	2	0.049	REACH	2	2	0.092	REACH	2	2	1.326	REACH	2	2	0.094	REACH	2	2	1.381	REACH	2	2	1.390	REACH	2	2	1.338	REACH	2	2	1.369	REACH	2	2	1.391	REACH	2	2	1.432	
miles1500_reachable_07	REACH	2	2	0.047	REACH	2	2	0.048	REACH	2	2	0.094	REACH	2	2	1.342	REACH	2	2	0.049	REACH	2	2	0.094	REACH	2	2	1.322	REACH	2	2	0.095	REACH	2	2	1.350	REACH	2	2	1.375	REACH	2	2	1.356	REACH	2	2	1.385	REACH	2	2	1.383	REACH	2	2	1.413	
miles1500_reachable_08	REACH	2	2	0.047	REACH	2	2	0.049	REACH	2	2	0.095	REACH	2	2	1.326	REACH	2	2	0.047	REACH	2	2	0.094	REACH	2	2	1.311	REACH	2	2	0.094	REACH	2	2	1.337	REACH	2	2	1.382	REACH	2	2	1.322	REACH	2	2	1.354	REACH	2	2	1.379	REACH	2	2	1.401	
miles1500_reachable_09	REACH	2	2	0.048	REACH	2	2	0.048	REACH	2	2	0.096	REACH	2	2	1.341	REACH	2	2	0.048	REACH	2	2	0.093	REACH	2	2	1.347	REACH	2	2	0.095	REACH	2	2	1.357	REACH	2	2	1.392	REACH	2	2	1.357	REACH	2	2	1.365	REACH	2	2	1.385	REACH	2	2	1.394	
miles1500_reachable_10	REACH	2	2	0.047	REACH	2	2	0.049	REACH	2	2	0.096	REACH	2	2	1.351	REACH	2	2	0.049	REACH	2	2	0.095	REACH	2	2	1.315	REACH	2	2	0.094	REACH	2	2	1.346	REACH	2	2	1.386	REACH	2	2	1.365	REACH	2	2	1.373	REACH	2	2	1.398	REACH	2	2	1.396	
miles500_reachable_01	REACH	6	6	0.038	REACH	6	6	2.928	REACH	6	6	3.995	REACH	6	6	0.908	REACH	6	6	0.047	REACH	6	6	0.177	REACH	6	6	7.488	REACH	6	6	1.095	REACH	6	6	0.915	REACH	6	6	1.037	REACH	6	6	0.942	REACH	6	6	1.004	REACH	6	6	1.109	REACH	6	6	24.068	
miles500_reachable_02	REACH	6	6	0.037	REACH	6	6	0.040	REACH	6	6	1.087	REACH	6	6	0.939	REACH	6	6	0.039	REACH	6	6	0.170	REACH	6	6	1.020	REACH	6	6	0.208	REACH	6	6	0.891	REACH	6	6	1.009	REACH	6	6	3.766	REACH	6	6	0.995	REACH	6	6	19.170	REACH	6	6	1.004	
miles500_reachable_03	REACH	6	6	197.552	REACH	6	6	0.042	REACH	6	6	0.190	REACH	6	6	35.313	REACH	6	6	0.039	REACH	6	6	0.176	REACH	6	6	13.082	REACH	6	6	0.189	REACH	6	6	1.010	REACH	6	6	1.393	REACH	6	6	0.991	REACH	6	6	16.773	REACH	6	6	1.175	REACH	6	6	1.075	
miles500_reachable_04	REACH	6	6	0.039	REACH	6	6	0.041	REACH	6	6	0.189	REACH	6	6	0.896	REACH	6	6	0.038	REACH	6	6	4.233	REACH	6	6	0.870	REACH	6	6	0.186	REACH	6	6	1.988	REACH	6	6	1.473	REACH	6	6	0.912	REACH	6	6	1.172	REACH	6	6	1.051	REACH	6	6	1.021	
miles500_reachable_05	REACH	6	6	0.041	REACH	6	6	1.244	REACH	6	6	0.174	REACH	6	6	19.964	REACH	6	6	0.039	REACH	6	6	0.169	REACH	6	6	0.887	REACH	6	6	4.506	REACH	6	6	9.953	REACH	6	6	0.966	REACH	6	6	14.193	REACH	6	6	0.960	REACH	6	6	1.090	REACH	6	6	1.087	
miles500_reachable_06	REACH	6	6	0.054	REACH	6	6	0.042	REACH	6	6	16.713	REACH	6	6	0.921	REACH	6	6	0.039	REACH	6	6	3.451	REACH	6	6	36.426	REACH	6	6	0.183	REACH	6	6	0.897	REACH	6	6	1.063	REACH	6	6	1.068	REACH	6	6	0.994	REACH	6	6	9.547	REACH	6	6	1.015	
miles500_reachable_07	REACH	6	6	0.037	REACH	6	6	0.037	REACH	6	6	0.187	REACH	6	6	8.130	REACH	6	6	0.711	REACH	6	6	0.173	REACH	6	6	1.077	REACH	6	6	0.181	REACH	6	6	0.882	REACH	6	6	4.622	REACH	6	6	0.905	REACH	6	6	2.254	REACH	6	6	1.034	REACH	6	6	1.096	
miles500_reachable_08	REACH	6	6	0.039	REACH	6	6	0.042	REACH	6	6	0.173	REACH	6	6	0.880	REACH	6	6	0.039	REACH	6	6	0.171	REACH	6	6	0.869	REACH	6	6	0.175	REACH	6	6	0.888	REACH	6	6	0.974	REACH	6	6	1.030	REACH	6	6	11.833	REACH	6	6	1.074	REACH	6	6	3.293	
miles500_reachable_09	REACH	6	6	0.038	REACH	6	6	0.055	REACH	6	6	0.178	REACH	6	6	0.917	REACH	6	6	0.153	REACH	6	6	0.179	REACH	6	6	0.993	REACH	6	6	0.188	REACH	6	6	16.736	REACH	6	6	1.023	REACH	6	6	0.928	REACH	6	6	1.046	REACH	6	6	1.036	REACH	6	6	1.054	
miles500_reachable_10	REACH	6	6	0.037	REACH	6	6	0.040	REACH	6	6	0.178	REACH	6	6	1.135	REACH	6	6	0.040	REACH	6	6	0.183	REACH	6	6	4.273	REACH	6	6	0.176	REACH	6	6	0.886	REACH	6	6	0.997	REACH	6	6	0.926	REACH	6	6	1.030	REACH	6	6	0.994	REACH	6	6	1.041	
myciel3_reachable_01	REACH	2	2	0.003	REACH	2	2	0.005	REACH	2	2	0.004	REACH	2	2	0.005	REACH	2	2	0.003	REACH	2	2	0.004	REACH	2	2	0.005	REACH	2	2	0.005	REACH	2	2	0.006	REACH	2	2	0.007	REACH	2	2	0.006	REACH	2	2	0.007	REACH	2	2	0.007	REACH	2	2	0.009	
myciel3_reachable_02	REACH	2	2	0.003	REACH	2	2	0.005	REACH	2	2	0.004	REACH	2	2	0.005	REACH	2	2	0.003	REACH	2	2	0.005	REACH	2	2	0.005	REACH	2	2	0.005	REACH	2	2	0.006	REACH	2	2	0.008	REACH	2	2	0.006	REACH	2	2	0.007	REACH	2	2	0.007	REACH	2	2	0.009	
myciel3_reachable_03	REACH	2	2	0.003	REACH	2	2	0.004	REACH	2	2	0.004	REACH	2	2	0.005	REACH	2	2	0.003	REACH	2	2	0.005	REACH	2	2	0.006	REACH	2	2	0.005	REACH	2	2	0.006	REACH	2	2	0.007	REACH	2	2	0.006	REACH	2	2	0.007	REACH	2	2	0.007	REACH	2	2	0.007	
myciel3_reachable_04	REACH	2	2	0.003	REACH	2	2	0.003	REACH	2	2	0.004	REACH	2	2	0.005	REACH	2	2	0.003	REACH	2	2	0.005	REACH	2	2	0.005	REACH	2	2	0.005	REACH	2	2	0.006	REACH	2	2	0.007	REACH	2	2	0.006	REACH	2	2	0.007	REACH	2	2	0.007	REACH	2	2	0.007	
myciel3_reachable_05	REACH	2	2	0.003	REACH	2	2	0.004	REACH	2	2	0.004	REACH	2	2	0.005	REACH	2	2	0.003	REACH	2	2	0.004	REACH	2	2	0.005	REACH	2	2	0.005	REACH	2	2	0.006	REACH	2	2	0.007	REACH	2	2	0.006	REACH	2	2	0.007	REACH	2	2	0.007	REACH	2	2	0.007	
myciel4_reachable_01	REACH	2	2	0.004	REACH	2	2	0.005	REACH	2	2	0.007	REACH	2	2	0.011	REACH	2	2	0.004	REACH	2	2	0.007	REACH	2	2	0.011	REACH	2	2	0.007	REACH	2	2	0.011	REACH	2	2	0.013	REACH	2	2	0.011	REACH	2	2	0.013	REACH	2	2	0.013	REACH	2	2	0.013	
myciel4_reachable_02	REACH	2	2	0.004	REACH	2	2	0.004	REACH	2	2	0.007	REACH	2	2	0.011	REACH	2	2	0.004	REACH	2	2	0.007	REACH	2	2	0.011	REACH	2	2	0.007	REACH	2	2	0.011	REACH	2	2	0.013	REACH	2	2	0.011	REACH	2	2	0.013	REACH	2	2	0.013	REACH	2	2	0.013	
myciel4_reachable_03	REACH	2	2	0.004	REACH	2	2	0.004	REACH	2	2	0.007	REACH	2	2	0.011	REACH	2	2	0.004	REACH	2	2	0.007	REACH	2	2	0.011	REACH	2	2	0.007	REACH	2	2	0.011	REACH	2	2	0.013	REACH	2	2	0.011	REACH	2	2	0.013	REACH	2	2	0.013	REACH	2	2	0.014	
myciel4_reachable_04	REACH	2	2	0.004	REACH	2	2	0.006	REACH	2	2	0.007	REACH	2	2	0.011	REACH	2	2	0.004	REACH	2	2	0.007	REACH	2	2	0.011	REACH	2	2	0.007	REACH	2	2	0.011	REACH	2	2	0.013	REACH	2	2	0.011	REACH	2	2	0.013	REACH	2	2	0.013	REACH	2	2	0.013	
myciel4_reachable_05	REACH	2	2	0.004	REACH	2	2	0.006	REACH	2	2	0.007	REACH	2	2	0.011	REACH	2	2	0.004	REACH	2	2	0.007	REACH	2	2	0.011	REACH	2	2	0.007	REACH	2	2	0.011	REACH	2	2	0.013	REACH	2	2	0.011	REACH	2	2	0.013	REACH	2	2	0.013	REACH	2	2	0.013	
myciel5_reachable_01	REACH	2	2	0.005	REACH	2	2	0.009	REACH	2	2	0.012	REACH	2	2	0.027	REACH	2	2	0.008	REACH	2	2	0.012	REACH	2	2	0.027	REACH	2	2	0.013	REACH	2	2	0.027	REACH	2	2	0.032	REACH	2	2	0.028	REACH	2	2	0.031	REACH	2	2	0.032	REACH	2	2	0.034	
myciel5_reachable_02	REACH	2	2	0.006	REACH	2	2	0.009	REACH	2	2	0.012	REACH	2	2	0.028	REACH	2	2	0.009	REACH	2	2	0.012	REACH	2	2	0.028	REACH	2	2	0.013	REACH	2	2	0.027	REACH	2	2	0.033	REACH	2	2	0.028	REACH	2	2	0.032	REACH	2	2	0.031	REACH	2	2	0.032	
myciel5_reachable_03	REACH	2	2	0.005	REACH	2	2	0.007	REACH	2	2	0.012	REACH	2	2	0.028	REACH	2	2	0.009	REACH	2	2	0.012	REACH	2	2	0.027	REACH	2	2	0.013	REACH	2	2	0.027	REACH	2	2	0.032	REACH	2	2	0.027	REACH	2	2	0.032	REACH	2	2	0.031	REACH	2	2	0.032	
myciel5_reachable_04	REACH	2	2	0.005	REACH	2	2	0.008	REACH	2	2	0.012	REACH	2	2	0.027	REACH	2	2	0.009	REACH	2	2	0.012	REACH	2	2	0.028	REACH	2	2	0.013	REACH	2	2	0.027	REACH	2	2	0.032	REACH	2	2	0.027	REACH	2	2	0.032	REACH	2	2	0.031	REACH	2	2	0.032	
myciel5_reachable_05	REACH	2	2	0.005	REACH	2	2	0.009	REACH	2	2	0.012	REACH	2	2	0.027	REACH	2	2	0.009	REACH	2	2	0.012	REACH	2	2	0.028	REACH	2	2	0.013	REACH	2	2	0.027	REACH	2	2	0.033	REACH	2	2	0.027	REACH	2	2	0.032	REACH	2	2	0.031	REACH	2	2	0.033	
myciel6_reachable_01	REACH	2	2	0.011	REACH	2	2	0.015	REACH	2	2	0.028	REACH	2	2	0.111	REACH	2	2	0.014	REACH	2	2	0.028	REACH	2	2	0.108	REACH	2	2	0.030	REACH	2	2	0.111	REACH	2	2	0.120	REACH	2	2	0.112	REACH	2	2	0.119	REACH	2	2	0.121	REACH	2	2	0.122	
myciel6_reachable_02	REACH	2	2	0.011	REACH	2	2	0.014	REACH	2	2	0.027	REACH	2	2	0.108	REACH	2	2	0.014	REACH	2	2	0.028	REACH	2	2	0.106	REACH	2	2	0.031	REACH	2	2	0.110	REACH	2	2	0.121	REACH	2	2	0.112	REACH	2	2	0.117	REACH	2	2	0.122	REACH	2	2	0.123	
myciel6_reachable_03	REACH	2	2	0.011	REACH	2	2	0.016	REACH	2	2	0.027	REACH	2	2	0.109	REACH	2	2	0.014	REACH	2	2	0.028	REACH	2	2	0.106	REACH	2	2	0.030	REACH	2	2	0.109	REACH	2	2	0.121	REACH	2	2	0.112	REACH	2	2	0.117	REACH	2	2	0.122	REACH	2	2	0.124	
myciel6_reachable_04	REACH	2	2	0.011	REACH	2	2	0.016	REACH	2	2	0.027	REACH	2	2	0.107	REACH	2	2	0.014	REACH	2	2	0.027	REACH	2	2	0.108	REACH	2	2	0.031	REACH	2	2	0.112	REACH	2	2	0.123	REACH	2	2	0.112	REACH	2	2	0.117	REACH	2	2	0.122	REACH	2	2	0.121	
myciel6_reachable_05	REACH	2	2	0.011	REACH	2	2	0.016	REACH	2	2	0.028	REACH	2	2	0.109	REACH	2	2	0.014	REACH	2	2	0.028	REACH	2	2	0.108	REACH	2	2	0.031	REACH	2	2	0.111	REACH	2	2	0.122	REACH	2	2	0.110	REACH	2	2	0.116	REACH	2	2	0.124	REACH	2	2	0.123	
queen5_5_reachable_01	REACH	5	5	0.009	REACH	5	5	0.009	REACH	5	5	0.017	REACH	5	5	0.054	REACH	5	5	0.011	REACH	5	5	0.022	REACH	5	5	0.068	REACH	5	5	0.022	REACH	5	5	0.053	REACH	5	5	0.064	REACH	5	5	0.054	REACH	5	5	0.068	REACH	5	5	0.062	REACH	5	5	0.068	
queen5_5_reachable_02	REACH	5	5	0.013	REACH	5	5	0.014	REACH	5	5	0.019	REACH	5	5	0.065	REACH	5	5	0.015	REACH	5	5	0.028	REACH	5	5	0.066	REACH	5	5	0.033	REACH	5	5	0.067	REACH	5	5	0.113	REACH	5	5	0.076	REACH	5	5	0.073	REACH	5	5	0.088	REACH	5	5	0.072	
queen5_5_reachable_03	REACH	5	5	0.008	REACH	5	5	0.011	REACH	5	5	0.019	REACH	5	5	0.059	REACH	5	5	0.010	REACH	5	5	0.023	REACH	5	5	0.084	REACH	5	5	0.024	REACH	5	5	0.065	REACH	5	5	0.073	REACH	5	5	0.082	REACH	5	5	0.071	REACH	5	5	0.074	REACH	5	5	0.072	
queen5_5_reachable_04	REACH	5	5	0.010	REACH	5	5	0.013	REACH	5	5	0.019	REACH	5	5	0.064	REACH	5	5	0.009	REACH	5	5	0.021	REACH	5	5	0.065	REACH	5	5	0.027	REACH	5	5	0.068	REACH	5	5	0.065	REACH	5	5	0.053	REACH	5	5	0.097	REACH	5	5	0.064	REACH	5	5	0.066	
queen5_5_reachable_05	REACH	5	5	0.010	REACH	5	5	0.013	REACH	5	5	0.019	REACH	5	5	0.073	REACH	5	5	0.010	REACH	5	5	0.024	REACH	5	5	0.067	REACH	5	5	0.028	REACH	5	5	0.073	REACH	5	5	0.086	REACH	5	5	0.068	REACH	5	5	0.077	REACH	5	5	0.080	REACH	5	5	0.077	
queen5_5_reachable_06	REACH	5	5	0.011	REACH	5	5	0.014	REACH	5	5	0.019	REACH	5	5	0.064	REACH	5	5	0.011	REACH	5	5	0.023	REACH	5	5	0.075	REACH	5	5	0.026	REACH	5	5	0.086	REACH	5	5	0.067	REACH	5	5	0.110	REACH	5	5	0.091	REACH	5	5	0.099	REACH	5	5	0.079	
queen5_5_reachable_07	REACH	5	5	0.011	REACH	5	5	0.011	REACH	5	5	0.018	REACH	5	5	0.063	REACH	5	5	0.012	REACH	5	5	0.025	REACH	5	5	0.054	REACH	5	5	0.022	REACH	5	5	0.070	REACH	5	5	0.069	REACH	5	5	0.067	REACH	5	5	0.071	REACH	5	5	0.064	REACH	5	5	0.083	
queen5_5_reachable_08	REACH	5	5	0.009	REACH	5	5	0.011	REACH	5	5	0.018	REACH	5	5	0.055	REACH	5	5	0.011	REACH	5	5	0.026	REACH	5	5	0.057	REACH	5	5	0.029	REACH	5	5	0.062	REACH	5	5	0.085	REACH	5	5	0.067	REACH	5	5	0.061	REACH	5	5	0.074	REACH	5	5	0.072	
queen5_5_reachable_09	REACH	5	5	0.011	REACH	5	5	0.015	REACH	5	5	0.019	REACH	5	5	0.071	REACH	5	5	0.013	REACH	5	5	0.025	REACH	5	5	0.072	REACH	5	5	0.027	REACH	5	5	0.069	REACH	5	5	0.070	REACH	5	5	0.079	REACH	5	5	0.088	REACH	5	5	0.094	REACH	5	5	0.099	
queen5_5_reachable_10	REACH	5	5	0.008	REACH	5	5	0.009	REACH	5	5	0.017	REACH	5	5	0.056	REACH	5	5	0.009	REACH	5	5	0.021	REACH	5	5	0.053	REACH	5	5	0.024	REACH	5	5	0.066	REACH	5	5	0.070	REACH	5	5	0.067	REACH	5	5	0.068	REACH	5	5	0.063	REACH	5	5	0.064	
queen7_7_reachable_01	REACH	1	1	0.007	REACH	1	1	0.007	REACH	1	1	0.007	REACH	1	1	0.009	REACH	1	1	0.007	REACH	1	1	0.008	REACH	1	1	0.009	REACH	1	1	0.008	REACH	1	1	0.009	REACH	1	1	0.011	REACH	1	1	0.009	REACH	1	1	0.010	REACH	1	1	0.010	REACH	1	1	0.010	
queen7_7_reachable_02	REACH	1	1	0.007	REACH	1	1	0.009	REACH	1	1	0.007	REACH	1	1	0.009	REACH	1	1	0.007	REACH	1	1	0.008	REACH	1	1	0.009	REACH	1	1	0.008	REACH	1	1	0.009	REACH	1	1	0.011	REACH	1	1	0.009	REACH	1	1	0.009	REACH	1	1	0.009	REACH	1	1	0.011	
queen7_7_reachable_03	REACH	1	1	0.007	REACH	1	1	0.009	REACH	1	1	0.007	REACH	1	1	0.008	REACH	1	1	0.007	REACH	1	1	0.008	REACH	1	1	0.008	REACH	1	1	0.008	REACH	1	1	0.008	REACH	1	1	0.011	REACH	1	1	0.009	REACH	1	1	0.009	REACH	1	1	0.009	REACH	1	1	0.011	
queen7_7_reachable_04	REACH	1	1	0.007	REACH	1	1	0.007	REACH	1	1	0.007	REACH	1	1	0.009	REACH	1	1	0.007	REACH	1	1	0.008	REACH	1	1	0.009	REACH	1	1	0.008	REACH	1	1	0.009	REACH	1	1	0.012	REACH	1	1	0.009	REACH	1	1	0.010	REACH	1	1	0.010	REACH	1	1	0.012	
queen7_7_reachable_05	REACH	1	1	0.007	REACH	1	1	0.007	REACH	1	1	0.007	REACH	1	1	0.009	REACH	1	1	0.007	REACH	1	1	0.008	REACH	1	1	0.009	REACH	1	1	0.008	REACH	1	1	0.009	REACH	1	1	0.011	REACH	1	1	0.009	REACH	1	1	0.010	REACH	1	1	0.010	REACH	1	1	0.012	
queen7_7_reachable_06	REACH	1	1	0.007	REACH	1	1	0.009	REACH	1	1	0.007	REACH	1	1	0.009	REACH	1	1	0.007	REACH	1	1	0.008	REACH	1	1	0.010	REACH	1	1	0.008	REACH	1	1	0.010	REACH	1	1	0.012	REACH	1	1	0.010	REACH	1	1	0.010	REACH	1	1	0.010	REACH	1	1	0.012	
queen8_8_reachable_01	UNKN	-1	18	599.979	UNKN	-1	20	599.989	UNKN	-1	19	599.991	UNKN	-1	16	599.992	UNKN	-1	20	599.949	UNKN	-1	20	599.948	UNKN	-1	17	599.991	UNKN	-1	20	599.949	UNKN	-1	16	599.951	UNKN	-1	16	599.978	UNKN	-1	19	599.982	UNKN	-1	16	599.988	UNKN	-1	17	599.991	UNKN	-1	17	599.942	
queen8_8_reachable_02	UNKN	-1	20	599.993	UNKN	-1	21	599.989	UNKN	-1	19	599.989	UNKN	-1	17	599.992	UNKN	-1	22	599.938	UNKN	-1	20	599.945	UNKN	-1	19	599.993	UNKN	-1	21	599.948	UNKN	-1	19	599.948	UNKN	-1	16	599.983	UNKN	-1	19	599.989	UNKN	-1	18	599.993	UNKN	-1	19	599.985	UNKN	-1	19	599.945	
queen8_8_reachable_03	UNKN	-1	20	599.993	UNKN	-1	21	599.994	UNKN	-1	19	599.991	UNKN	-1	16	599.988	UNKN	-1	21	599.952	UNKN	-1	20	599.950	UNKN	-1	18	599.991	UNKN	-1	21	599.947	UNKN	-1	19	599.940	UNKN	-1	17	599.989	UNKN	-1	20	599.990	UNKN	-1	18	599.994	UNKN	-1	19	599.998	UNKN	-1	19	599.943	
queen8_8_reachable_04	UNKN	-1	20	599.990	UNKN	-1	22	599.991	UNKN	-1	21	599.990	UNKN	-1	18	599.983	UNKN	-1	21	599.956	UNKN	-1	22	599.943	UNKN	-1	19	599.992	UNKN	-1	21	599.940	UNKN	-1	19	599.947	UNKN	-1	17	599.991	UNKN	-1	19	599.988	UNKN	-1	18	599.993	UNKN	-1	20	599.979	UNKN	-1	19	599.947	
queen8_8_reachable_05	UNKN	-1	21	599.987	UNKN	-1	22	599.987	UNKN	-1	21	599.993	UNKN	-1	17	599.987	UNKN	-1	22	599.953	UNKN	-1	21	599.942	UNKN	-1	18	599.993	UNKN	-1	22	599.950	UNKN	-1	20	599.940	UNKN	-1	17	599.991	UNKN	-1	21	599.988	UNKN	-1	17	599.993	UNKN	-1	19	599.987	UNKN	-1	19	599.936	
queen8_8_reachable_06	UNKN	-1	20	599.991	UNKN	-1	21	599.991	UNKN	-1	20	599.992	UNKN	-1	16	599.985	UNKN	-1	21	599.945	UNKN	-1	22	599.952	UNKN	-1	18	599.994	UNKN	-1	21	599.944	UNKN	-1	20	599.916	UNKN	-1	17	599.985	UNKN	-1	20	599.989	UNKN	-1	19	599.983	UNKN	-1	19	599.991	UNKN	-1	20	599.938	
queen8_8_reachable_07	UNKN	-1	18	599.994	UNKN	-1	19	599.993	UNKN	-1	18	599.989	UNKN	-1	17	599.984	UNKN	-1	18	599.954	UNKN	-1	19	599.955	UNKN	-1	17	599.990	UNKN	-1	20	599.950	UNKN	-1	19	599.932	UNKN	-1	16	599.989	UNKN	-1	17	599.993	UNKN	-1	16	599.993	UNKN	-1	18	599.993	UNKN	-1	17	599.945	
queen8_8_reachable_08	UNKN	-1	20	599.994	UNKN	-1	21	599.993	UNKN	-1	20	599.990	UNKN	-1	18	599.988	UNKN	-1	20	599.952	UNKN	-1	21	599.945	UNKN	-1	19	599.992	UNKN	-1	20	599.957	UNKN	-1	20	599.947	UNKN	-1	18	599.992	UNKN	-1	20	599.990	UNKN	-1	18	599.996	UNKN	-1	19	599.989	UNKN	-1	20	599.950	
queen8_8_reachable_09	UNKN	-1	20	599.994	UNKN	-1	21	599.992	UNKN	-1	21	599.984	UNKN	-1	17	599.988	UNKN	-1	23	599.953	UNKN	-1	20	599.954	UNKN	-1	17	599.992	UNKN	-1	20	599.949	UNKN	-1	21	599.946	UNKN	-1	17	599.989	UNKN	-1	21	599.990	UNKN	-1	18	599.994	UNKN	-1	18	599.980	UNKN	-1	20	599.947	
queen8_8_reachable_10	UNKN	-1	20	599.993	UNKN	-1	21	599.993	UNKN	-1	21	599.994	UNKN	-1	16	599.993	UNKN	-1	21	599.952	UNKN	-1	21	599.950	UNKN	-1	18	599.987	UNKN	-1	20	599.950	UNKN	-1	19	599.940	UNKN	-1	17	599.990	UNKN	-1	19	599.990	UNKN	-1	18	599.993	UNKN	-1	19	599.993	UNKN	-1	19	599.943	
queen9_9_reachable_01	REACH	1	1	0.010	REACH	1	1	0.012	REACH	1	1	0.011	REACH	1	1	0.013	REACH	1	1	0.012	REACH	1	1	0.011	REACH	1	1	0.013	REACH	1	1	0.013	REACH	1	1	0.015	REACH	1	1	0.017	REACH	1	1	0.016	REACH	1	1	0.016	REACH	1	1	0.017	REACH	1	1	0.018	
queen9_9_reachable_02	REACH	1	1	0.010	REACH	1	1	0.012	REACH	1	1	0.011	REACH	1	1	0.016	REACH	1	1	0.012	REACH	1	1	0.011	REACH	1	1	0.016	REACH	1	1	0.013	REACH	1	1	0.016	REACH	1	1	0.019	REACH	1	1	0.016	REACH	1	1	0.017	REACH	1	1	0.017	REACH	1	1	0.019	
queen9_9_reachable_03	REACH	1	1	0.010	REACH	1	1	0.014	REACH	1	1	0.011	REACH	1	1	0.013	REACH	1	1	0.012	REACH	1	1	0.011	REACH	1	1	0.013	REACH	1	1	0.013	REACH	1	1	0.015	REACH	1	1	0.016	REACH	1	1	0.016	REACH	1	1	0.017	REACH	1	1	0.017	REACH	1	1	0.017	
queen9_9_reachable_04	REACH	1	1	0.010	REACH	1	1	0.012	REACH	1	1	0.011	REACH	1	1	0.013	REACH	1	1	0.012	REACH	1	1	0.011	REACH	1	1	0.013	REACH	1	1	0.013	REACH	1	1	0.015	REACH	1	1	0.017	REACH	1	1	0.016	REACH	1	1	0.016	REACH	1	1	0.016	REACH	1	1	0.018	
queen9_9_reachable_05	REACH	1	1	0.010	REACH	1	1	0.012	REACH	1	1	0.011	REACH	1	1	0.016	REACH	1	1	0.013	REACH	1	1	0.011	REACH	1	1	0.016	REACH	1	1	0.013	REACH	1	1	0.016	REACH	1	1	0.019	REACH	1	1	0.016	REACH	1	1	0.017	REACH	1	1	0.017	REACH	1	1	0.019	
queen9_9_reachable_06	REACH	1	1	0.010	REACH	1	1	0.012	REACH	1	1	0.011	REACH	1	1	0.013	REACH	1	1	0.012	REACH	1	1	0.011	REACH	1	1	0.013	REACH	1	1	0.013	REACH	1	1	0.015	REACH	1	1	0.016	REACH	1	1	0.016	REACH	1	1	0.016	REACH	1	1	0.017	REACH	1	1	0.017	
queen9_9_reachable_07	REACH	1	1	0.010	REACH	1	1	0.012	REACH	1	1	0.011	REACH	1	1	0.016	REACH	1	1	0.012	REACH	1	1	0.011	REACH	1	1	0.015	REACH	1	1	0.013	REACH	1	1	0.016	REACH	1	1	0.017	REACH	1	1	0.016	REACH	1	1	0.017	REACH	1	1	0.017	REACH	1	1	0.017	
queen9_9_reachable_08	REACH	1	1	0.010	REACH	1	1	0.014	REACH	1	1	0.011	REACH	1	1	0.013	REACH	1	1	0.012	REACH	1	1	0.011	REACH	1	1	0.013	REACH	1	1	0.013	REACH	1	1	0.015	REACH	1	1	0.018	REACH	1	1	0.016	REACH	1	1	0.016	REACH	1	1	0.017	REACH	1	1	0.018	
queen9_9_reachable_09	REACH	1	1	0.010	REACH	1	1	0.013	REACH	1	1	0.011	REACH	1	1	0.015	REACH	1	1	0.012	REACH	1	1	0.011	REACH	1	1	0.016	REACH	1	1	0.014	REACH	1	1	0.016	REACH	1	1	0.018	REACH	1	1	0.016	REACH	1	1	0.016	REACH	1	1	0.017	REACH	1	1	0.019	
queen9_9_reachable_10	REACH	1	1	0.010	REACH	1	1	0.012	REACH	1	1	0.011	REACH	1	1	0.013	REACH	1	1	0.012	REACH	1	1	0.011	REACH	1	1	0.013	REACH	1	1	0.013	REACH	1	1	0.015	REACH	1	1	0.018	REACH	1	1	0.016	REACH	1	1	0.016	REACH	1	1	0.016	REACH	1	1	0.018	
sp001_reachable_01	REACH	2	2	0.003	REACH	2	2	0.005	REACH	2	2	0.005	REACH	2	2	0.008	REACH	2	2	0.004	REACH	2	2	0.005	REACH	2	2	0.008	REACH	2	2	0.005	REACH	2	2	0.008	REACH	2	2	0.010	REACH	2	2	0.008	REACH	2	2	0.009	REACH	2	2	0.010	REACH	2	2	0.011	
sp001_reachable_02	REACH	2	2	0.003	REACH	2	2	0.004	REACH	2	2	0.005	REACH	2	2	0.008	REACH	2	2	0.004	REACH	2	2	0.005	REACH	2	2	0.008	REACH	2	2	0.005	REACH	2	2	0.008	REACH	2	2	0.011	REACH	2	2	0.008	REACH	2	2	0.009	REACH	2	2	0.009	REACH	2	2	0.010	
sp001_reachable_03	REACH	2	2	0.003	REACH	2	2	0.004	REACH	2	2	0.005	REACH	2	2	0.008	REACH	2	2	0.004	REACH	2	2	0.005	REACH	2	2	0.008	REACH	2	2	0.005	REACH	2	2	0.008	REACH	2	2	0.009	REACH	2	2	0.008	REACH	2	2	0.009	REACH	2	2	0.009	REACH	2	2	0.009	
sp001_reachable_04	REACH	2	2	0.004	REACH	2	2	0.004	REACH	2	2	0.005	REACH	2	2	0.008	REACH	2	2	0.004	REACH	2	2	0.005	REACH	2	2	0.008	REACH	2	2	0.005	REACH	2	2	0.008	REACH	2	2	0.011	REACH	2	2	0.008	REACH	2	2	0.009	REACH	2	2	0.009	REACH	2	2	0.010	
sp001_reachable_05	REACH	2	2	0.003	REACH	2	2	0.004	REACH	2	2	0.005	REACH	2	2	0.008	REACH	2	2	0.004	REACH	2	2	0.005	REACH	2	2	0.008	REACH	2	2	0.005	REACH	2	2	0.008	REACH	2	2	0.009	REACH	2	2	0.008	REACH	2	2	0.009	REACH	2	2	0.009	REACH	2	2	0.010	
sp001_reachable_06	REACH	2	2	0.004	REACH	2	2	0.004	REACH	2	2	0.005	REACH	2	2	0.008	REACH	2	2	0.004	REACH	2	2	0.005	REACH	2	2	0.008	REACH	2	2	0.005	REACH	2	2	0.008	REACH	2	2	0.009	REACH	2	2	0.008	REACH	2	2	0.010	REACH	2	2	0.009	REACH	2	2	0.011	
sp001_reachable_07	REACH	2	2	0.003	REACH	2	2	0.004	REACH	2	2	0.005	REACH	2	2	0.008	REACH	2	2	0.004	REACH	2	2	0.005	REACH	2	2	0.008	REACH	2	2	0.005	REACH	2	2	0.008	REACH	2	2	0.009	REACH	2	2	0.008	REACH	2	2	0.009	REACH	2	2	0.010	REACH	2	2	0.011	
sp001_reachable_08	REACH	2	2	0.003	REACH	2	2	0.004	REACH	2	2	0.005	REACH	2	2	0.008	REACH	2	2	0.004	REACH	2	2	0.005	REACH	2	2	0.008	REACH	2	2	0.005	REACH	2	2	0.008	REACH	2	2	0.009	REACH	2	2	0.008	REACH	2	2	0.009	REACH	2	2	0.009	REACH	2	2	0.010	
sp001_reachable_09	REACH	2	2	0.003	REACH	2	2	0.005	REACH	2	2	0.005	REACH	2	2	0.008	REACH	2	2	0.004	REACH	2	2	0.005	REACH	2	2	0.008	REACH	2	2	0.005	REACH	2	2	0.008	REACH	2	2	0.011	REACH	2	2	0.008	REACH	2	2	0.009	REACH	2	2	0.009	REACH	2	2	0.010	
sp001_reachable_10	REACH	2	2	0.003	REACH	2	2	0.004	REACH	2	2	0.005	REACH	2	2	0.008	REACH	2	2	0.004	REACH	2	2	0.005	REACH	2	2	0.008	REACH	2	2	0.005	REACH	2	2	0.008	REACH	2	2	0.009	REACH	2	2	0.008	REACH	2	2	0.009	REACH	2	2	0.009	REACH	2	2	0.011	
sp002_reachable_01	REACH	3	3	0.006	REACH	3	3	0.007	REACH	3	3	0.010	REACH	3	3	0.025	REACH	3	3	0.006	REACH	3	3	0.011	REACH	3	3	0.024	REACH	3	3	0.011	REACH	3	3	0.025	REACH	3	3	0.029	REACH	3	3	0.025	REACH	3	3	0.029	REACH	3	3	0.029	REACH	3	3	0.031	
sp002_reachable_02	REACH	3	3	0.006	REACH	3	3	0.006	REACH	3	3	0.010	REACH	3	3	0.025	REACH	3	3	0.006	REACH	3	3	0.011	REACH	3	3	0.025	REACH	3	3	0.011	REACH	3	3	0.025	REACH	3	3	0.030	REACH	3	3	0.025	REACH	3	3	0.029	REACH	3	3	0.029	REACH	3	3	0.030	
sp002_reachable_03	REACH	3	3	0.007	REACH	3	3	0.006	REACH	3	3	0.010	REACH	3	3	0.025	REACH	3	3	0.006	REACH	3	3	0.011	REACH	3	3	0.025	REACH	3	3	0.011	REACH	3	3	0.025	REACH	3	3	0.031	REACH	3	3	0.026	REACH	3	3	0.029	REACH	3	3	0.029	REACH	3	3	0.030	
sp002_reachable_04	REACH	3	3	0.006	REACH	3	3	0.006	REACH	3	3	0.010	REACH	3	3	0.025	REACH	3	3	0.006	REACH	3	3	0.011	REACH	3	3	0.025	REACH	3	3	0.012	REACH	3	3	0.025	REACH	3	3	0.030	REACH	3	3	0.026	REACH	3	3	0.029	REACH	3	3	0.029	REACH	3	3	0.030	
sp002_reachable_05	REACH	3	3	0.006	REACH	3	3	0.006	REACH	3	3	0.010	REACH	3	3	0.025	REACH	3	3	0.006	REACH	3	3	0.011	REACH	3	3	0.025	REACH	3	3	0.012	REACH	3	3	0.025	REACH	3	3	0.029	REACH	3	3	0.025	REACH	3	3	0.029	REACH	3	3	0.029	REACH	3	3	0.029	
sp002_reachable_06	REACH	3	3	0.006	REACH	3	3	0.006	REACH	3	3	0.010	REACH	3	3	0.025	REACH	3	3	0.006	REACH	3	3	0.011	REACH	3	3	0.025	REACH	3	3	0.012	REACH	3	3	0.025	REACH	3	3	0.031	REACH	3	3	0.026	REACH	3	3	0.029	REACH	3	3	0.030	REACH	3	3	0.030	
sp002_reachable_07	REACH	3	3	0.006	REACH	3	3	0.008	REACH	3	3	0.010	REACH	3	3	0.025	REACH	3	3	0.006	REACH	3	3	0.010	REACH	3	3	0.025	REACH	3	3	0.011	REACH	3	3	0.025	REACH	3	3	0.031	REACH	3	3	0.025	REACH	3	3	0.029	REACH	3	3	0.029	REACH	3	3	0.031	
sp002_reachable_08	REACH	3	3	0.006	REACH	3	3	0.006	REACH	3	3	0.010	REACH	3	3	0.025	REACH	3	3	0.006	REACH	3	3	0.011	REACH	3	3	0.024	REACH	3	3	0.011	REACH	3	3	0.025	REACH	3	3	0.029	REACH	3	3	0.025	REACH	3	3	0.029	REACH	3	3	0.029	REACH	3	3	0.029	
sp002_reachable_09	REACH	3	3	0.006	REACH	3	3	0.008	REACH	3	3	0.010	REACH	3	3	0.025	REACH	3	3	0.006	REACH	3	3	0.011	REACH	3	3	0.025	REACH	3	3	0.011	REACH	3	3	0.026	REACH	3	3	0.030	REACH	3	3	0.025	REACH	3	3	0.029	REACH	3	3	0.029	REACH	3	3	0.032	
sp002_reachable_10	REACH	3	3	0.006	REACH	3	3	0.006	REACH	3	3	0.010	REACH	3	3	0.025	REACH	3	3	0.006	REACH	3	3	0.011	REACH	3	3	0.025	REACH	3	3	0.011	REACH	3	3	0.026	REACH	3	3	0.030	REACH	3	3	0.026	REACH	3	3	0.029	REACH	3	3	0.029	REACH	3	3	0.031	
sp003_reachable_01	REACH	5	5	0.010	REACH	5	5	0.016	REACH	5	5	0.030	REACH	5	5	0.080	REACH	5	5	0.015	REACH	5	5	0.030	REACH	5	5	0.082	REACH	5	5	0.029	REACH	5	5	0.086	REACH	5	5	0.103	REACH	5	5	0.082	REACH	5	5	0.092	REACH	5	5	0.097	REACH	5	5	0.103	
sp003_reachable_02	REACH	5	5	0.010	REACH	5	5	0.019	REACH	5	5	0.029	REACH	5	5	0.082	REACH	5	5	0.015	REACH	5	5	0.029	REACH	5	5	0.083	REACH	5	5	0.029	REACH	5	5	0.085	REACH	5	5	0.101	REACH	5	5	0.091	REACH	5	5	0.097	REACH	5	5	0.101	REACH	5	5	0.095	
sp003_reachable_03	REACH	5	5	0.011	REACH	5	5	0.017	REACH	5	5	0.031	REACH	5	5	0.080	REACH	5	5	0.016	REACH	5	5	0.032	REACH	5	5	0.079	REACH	5	5	0.029	REACH	5	5	0.079	REACH	5	5	0.093	REACH	5	5	0.081	REACH	5	5	0.093	REACH	5	5	0.096	REACH	5	5	0.093	
sp003_reachable_04	REACH	5	5	0.011	REACH	5	5	0.019	REACH	5	5	0.029	REACH	5	5	0.083	REACH	5	5	0.015	REACH	5	5	0.030	REACH	5	5	0.082	REACH	5	5	0.031	REACH	5	5	0.081	REACH	5	5	0.098	REACH	5	5	0.085	REACH	5	5	0.096	REACH	5	5	0.098	REACH	5	5	0.100	
sp003_reachable_05	REACH	5	5	0.012	REACH	5	5	0.015	REACH	5	5	0.033	REACH	5	5	0.084	REACH	5	5	0.016	REACH	5	5	0.030	REACH	5	5	0.082	REACH	5	5	0.030	REACH	5	5	0.080	REACH	5	5	0.097	REACH	5	5	0.079	REACH	5	5	0.093	REACH	5	5	0.095	REACH	5	5	0.099	
sp003_reachable_06	REACH	5	5	0.011	REACH	5	5	0.015	REACH	5	5	0.031	REACH	5	5	0.084	REACH	5	5	0.015	REACH	5	5	0.029	REACH	5	5	0.082	REACH	5	5	0.033	REACH	5	5	0.087	REACH	5	5	0.101	REACH	5	5	0.095	REACH	5	5	0.093	REACH	5	5	0.096	REACH	5	5	0.109	
sp003_reachable_07	REACH	5	5	0.010	REACH	5	5	0.018	REACH	5	5	0.029	REACH	5	5	0.084	REACH	5	5	0.017	REACH	5	5	0.031	REACH	5	5	0.080	REACH	5	5	0.029	REACH	5	5	0.086	REACH	5	5	0.091	REACH	5	5	0.086	REACH	5	5	0.097	REACH	5	5	0.094	REACH	5	5	0.091	
sp003_reachable_08	REACH	5	5	0.029	REACH	5	5	0.016	REACH	5	5	0.030	REACH	5	5	0.080	REACH	5	5	0.017	REACH	5	5	0.030	REACH	5	5	0.081	REACH	5	5	0.031	REACH	5	5	0.083	REACH	5	5	0.099	REACH	5	5	0.088	REACH	5	5	0.090	REACH	5	5	0.104	REACH	5	5	0.092	
sp003_reachable_09	REACH	5	5	0.010	REACH	5	5	0.023	REACH	5	5	0.029	REACH	5	5	0.086	REACH	5	5	0.018	REACH	5	5	0.030	REACH	5	5	0.081	REACH	5	5	0.031	REACH	5	5	0.082	REACH	5	5	0.102	REACH	5	5	0.080	REACH	5	5	0.091	REACH	5	5	0.106	REACH	5	5	0.099	
sp003_reachable_10	REACH	5	5	0.012	REACH	5	5	0.015	REACH	5	5	0.031	REACH	5	5	0.082	REACH	5	5	0.017	REACH	5	5	0.030	REACH	5	5	0.082	REACH	5	5	0.030	REACH	5	5	0.083	REACH	5	5	0.097	REACH	5	5	0.079	REACH	5	5	0.092	REACH	5	5	0.094	REACH	5	5	0.089	
sp004_reachable_01	REACH	5	5	0.012	REACH	5	5	0.023	REACH	5	5	0.038	REACH	5	5	0.123	REACH	5	5	0.022	REACH	5	5	0.038	REACH	5	5	0.121	REACH	5	5	0.039	REACH	5	5	0.124	REACH	5	5	0.142	REACH	5	5	0.125	REACH	5	5	0.140	REACH	5	5	0.141	REACH	5	5	0.142	
sp004_reachable_02	REACH	5	5	0.012	REACH	5	5	0.022	REACH	5	5	0.037	REACH	5	5	0.121	REACH	5	5	0.023	REACH	5	5	0.038	REACH	5	5	0.115	REACH	5	5	0.040	REACH	5	5	0.119	REACH	5	5	0.137	REACH	5	5	0.122	REACH	5	5	0.134	REACH	5	5	0.135	REACH	5	5	0.138	
sp004_reachable_03	REACH	5	5	0.012	REACH	5	5	0.022	REACH	5	5	0.037	REACH	5	5	0.121	REACH	5	5	0.022	REACH	5	5	0.038	REACH	5	5	0.117	REACH	5	5	0.041	REACH	5	5	0.121	REACH	5	5	0.140	REACH	5	5	0.121	REACH	5	5	0.134	REACH	5	5	0.139	REACH	5	5	0.136	
sp004_reachable_04	REACH	5	5	0.012	REACH	5	5	0.022	REACH	5	5	0.038	REACH	5	5	0.120	REACH	5	5	0.022	REACH	5	5	0.038	REACH	5	5	0.117	REACH	5	5	0.040	REACH	5	5	0.117	REACH	5	5	0.138	REACH	5	5	0.121	REACH	5	5	0.132	REACH	5	5	0.137	REACH	5	5	0.138	
sp004_reachable_05	REACH	5	5	0.012	REACH	5	5	0.022	REACH	5	5	0.039	REACH	5	5	0.121	REACH	5	5	0.022	REACH	5	5	0.039	REACH	5	5	0.116	REACH	5	5	0.041	REACH	5	5	0.122	REACH	5	5	0.140	REACH	5	5	0.122	REACH	5	5	0.136	REACH	5	5	0.139	REACH	5	5	0.139	
sp004_reachable_06	REACH	5	5	0.012	REACH	5	5	0.022	REACH	5	5	0.037	REACH	5	5	0.124	REACH	5	5	0.022	REACH	5	5	0.038	REACH	5	5	0.122	REACH	5	5	0.040	REACH	5	5	0.123	REACH	5	5	0.138	REACH	5	5	0.123	REACH	5	5	0.140	REACH	5	5	0.141	REACH	5	5	0.142	
sp004_reachable_07	REACH	5	5	0.012	REACH	5	5	0.022	REACH	5	5	0.041	REACH	5	5	0.119	REACH	5	5	0.022	REACH	5	5	0.038	REACH	5	5	0.117	REACH	5	5	0.043	REACH	5	5	0.119	REACH	5	5	0.138	REACH	5	5	0.118	REACH	5	5	0.136	REACH	5	5	0.136	REACH	5	5	0.137	
sp004_reachable_08	REACH	5	5	0.013	REACH	5	5	0.023	REACH	5	5	0.039	REACH	5	5	0.122	REACH	5	5	0.022	REACH	5	5	0.038	REACH	5	5	0.116	REACH	5	5	0.039	REACH	5	5	0.118	REACH	5	5	0.142	REACH	5	5	0.121	REACH	5	5	0.132	REACH	5	5	0.141	REACH	5	5	0.138	
sp004_reachable_09	REACH	5	5	0.012	REACH	5	5	0.022	REACH	5	5	0.038	REACH	5	5	0.118	REACH	5	5	0.022	REACH	5	5	0.038	REACH	5	5	0.117	REACH	5	5	0.041	REACH	5	5	0.120	REACH	5	5	0.139	REACH	5	5	0.119	REACH	5	5	0.132	REACH	5	5	0.140	REACH	5	5	0.137	
sp004_reachable_10	REACH	5	5	0.012	REACH	5	5	0.022	REACH	5	5	0.037	REACH	5	5	0.118	REACH	5	5	0.023	REACH	5	5	0.039	REACH	5	5	0.116	REACH	5	5	0.040	REACH	5	5	0.118	REACH	5	5	0.141	REACH	5	5	0.120	REACH	5	5	0.133	REACH	5	5	0.137	REACH	5	5	0.137	
sp005_reachable_01	REACH	6	6	0.019	REACH	6	6	0.038	REACH	6	6	0.071	REACH	6	6	0.212	REACH	6	6	0.038	REACH	6	6	0.066	REACH	6	6	0.203	REACH	6	6	0.071	REACH	6	6	0.208	REACH	6	6	0.233	REACH	6	6	0.214	REACH	6	6	0.232	REACH	6	6	0.241	REACH	6	6	0.243	
sp005_reachable_02	REACH	6	6	0.023	REACH	6	6	0.038	REACH	6	6	0.066	REACH	6	6	0.221	REACH	6	6	0.037	REACH	6	6	0.066	REACH	6	6	0.219	REACH	6	6	0.074	REACH	6	6	0.216	REACH	6	6	0.255	REACH	6	6	0.225	REACH	6	6	0.234	REACH	6	6	0.250	REACH	6	6	0.250	
sp005_reachable_03	REACH	6	6	0.019	REACH	6	6	0.039	REACH	6	6	0.065	REACH	6	6	0.205	REACH	6	6	0.037	REACH	6	6	0.067	REACH	6	6	0.209	REACH	6	6	0.076	REACH	6	6	0.211	REACH	6	6	0.256	REACH	6	6	0.213	REACH	6	6	0.236	REACH	6	6	0.244	REACH	6	6	0.246	
sp005_reachable_04	REACH	6	6	0.043	REACH	6	6	0.038	REACH	6	6	0.081	REACH	6	6	0.213	REACH	6	6	0.040	REACH	6	6	0.079	REACH	6	6	0.216	REACH	6	6	0.068	REACH	6	6	0.235	REACH	6	6	0.258	REACH	6	6	0.205	REACH	6	6	0.257	REACH	6	6	0.238	REACH	6	6	0.244	
sp005_reachable_05	REACH	6	6	0.023	REACH	6	6	0.038	REACH	6	6	0.066	REACH	6	6	0.214	REACH	6	6	0.037	REACH	6	6	0.065	REACH	6	6	0.208	REACH	6	6	0.070	REACH	6	6	0.211	REACH	6	6	0.241	REACH	6	6	0.212	REACH	6	6	0.233	REACH	6	6	0.247	REACH	6	6	0.243	
sp005_reachable_06	REACH	6	6	0.020	REACH	6	6	0.039	REACH	6	6	0.068	REACH	6	6	0.199	REACH	6	6	0.037	REACH	6	6	0.067	REACH	6	6	0.204	REACH	6	6	0.070	REACH	6	6	0.220	REACH	6	6	0.259	REACH	6	6	0.285	REACH	6	6	0.237	REACH	6	6	0.246	REACH	6	6	0.251	
sp005_reachable_07	REACH	6	6	0.019	REACH	6	6	0.042	REACH	6	6	0.067	REACH	6	6	0.221	REACH	6	6	0.038	REACH	6	6	0.066	REACH	6	6	0.205	REACH	6	6	0.071	REACH	6	6	0.216	REACH	6	6	0.257	REACH	6	6	0.217	REACH	6	6	0.251	REACH	6	6	0.246	REACH	6	6	0.244	
sp005_reachable_08	REACH	6	6	0.472	REACH	6	6	0.042	REACH	6	6	0.063	REACH	6	6	0.214	REACH	6	6	0.040	REACH	6	6	0.064	REACH	6	6	0.230	REACH	6	6	0.069	REACH	6	6	0.206	REACH	6	6	0.241	REACH	6	6	0.220	REACH	6	6	0.228	REACH	6	6	0.235	REACH	6	6	0.234	
sp005_reachable_09	REACH	6	6	0.274	REACH	6	6	0.047	REACH	6	6	0.066	REACH	6	6	0.213	REACH	6	6	0.039	REACH	6	6	0.067	REACH	6	6	0.211	REACH	6	6	0.072	REACH	6	6	0.210	REACH	6	6	0.247	REACH	6	6	0.238	REACH	6	6	0.237	REACH	6	6	0.241	REACH	6	6	0.250	
sp005_reachable_10	REACH	6	6	0.019	REACH	6	6	0.040	REACH	6	6	0.065	REACH	6	6	0.212	REACH	6	6	0.038	REACH	6	6	0.067	REACH	6	6	0.207	REACH	6	6	0.074	REACH	6	6	0.208	REACH	6	6	0.247	REACH	6	6	0.216	REACH	6	6	0.239	REACH	6	6	0.237	REACH	6	6	0.237	
sp006_reachable_01	REACH	7	7	0.042	REACH	7	7	0.333	REACH	7	7	0.125	REACH	7	7	0.372	REACH	7	7	0.037	REACH	7	7	0.119	REACH	7	7	0.352	REACH	7	7	0.136	REACH	7	7	0.358	REACH	7	7	0.427	REACH	7	7	0.405	REACH	7	7	0.391	REACH	7	7	0.446	REACH	7	7	0.471	
sp006_reachable_02	REACH	7	7	10.170	REACH	7	7	0.137	REACH	7	7	0.110	REACH	7	7	0.397	REACH	7	7	0.037	REACH	7	7	0.125	REACH	7	7	0.352	REACH	7	7	0.135	REACH	7	7	0.422	REACH	7	7	0.439	REACH	7	7	0.485	REACH	7	7	0.515	REACH	7	7	0.400	REACH	7	7	0.463	
sp006_reachable_03	REACH	7	7	2.749	REACH	7	7	1.679	REACH	7	7	0.183	REACH	7	7	0.371	REACH	7	7	0.377	REACH	7	7	0.144	REACH	7	7	0.348	REACH	7	7	0.124	REACH	7	7	0.375	REACH	7	7	0.415	REACH	7	7	0.379	REACH	7	7	0.523	REACH	7	7	0.470	REACH	7	7	0.500	
sp006_reachable_04	REACH	7	7	0.034	REACH	7	7	1.690	REACH	7	7	0.124	REACH	7	7	0.480	REACH	7	7	3.667	REACH	7	7	0.167	REACH	7	7	0.397	REACH	7	7	0.126	REACH	7	7	0.360	REACH	7	7	0.584	REACH	7	7	0.337	REACH	7	7	0.552	REACH	7	7	0.415	REACH	7	7	0.390	
sp006_reachable_05	REACH	7	7	0.080	REACH	7	7	1.193	REACH	7	7	0.126	REACH	7	7	0.394	REACH	7	7	0.082	REACH	7	7	0.114	REACH	7	7	0.363	REACH	7	7	0.117	REACH	7	7	0.407	REACH	7	7	0.405	REACH	7	7	0.384	REACH	7	7	0.417	REACH	7	7	0.466	REACH	7	7	0.453	
sp006_reachable_06	REACH	7	7	0.034	REACH	7	7	0.043	REACH	7	7	0.108	REACH	7	7	0.409	REACH	7	7	0.046	REACH	7	7	0.113	REACH	7	7	0.384	REACH	7	7	0.122	REACH	7	7	0.483	REACH	7	7	0.437	REACH	7	7	0.362	REACH	7	7	0.432	REACH	7	7	0.532	REACH	7	7	0.416	
sp006_reachable_07	REACH	7	7	3.683	REACH	7	7	0.565	REACH	7	7	0.112	REACH	7	7	0.386	REACH	7	7	0.098	REACH	7	7	0.114	REACH	7	7	0.379	REACH	7	7	0.119	REACH	7	7	0.381	REACH	7	7	0.499	REACH	7	7	0.404	REACH	7	7	0.410	REACH	7	7	0.429	REACH	7	7	0.469	
sp006_reachable_08	REACH	7	7	3.094	REACH	7	7	14.614	REACH	7	7	0.197	REACH	7	7	0.415	REACH	7	7	5.491	REACH	7	7	0.146	REACH	7	7	0.356	REACH	7	7	0.148	REACH	7	7	0.409	REACH	7	7	0.694	REACH	7	7	0.350	REACH	7	7	0.415	REACH	7	7	0.413	REACH	7	7	0.444	
sp006_reachable_09	REACH	7	7	0.224	REACH	7	7	1.947	REACH	7	7	0.128	REACH	7	7	0.360	REACH	7	7	0.298	REACH	7	7	0.111	REACH	7	7	0.357	REACH	7	7	0.141	REACH	7	7	0.429	REACH	7	7	0.415	REACH	7	7	0.505	REACH	7	7	0.432	REACH	7	7	0.448	REACH	7	7	0.495	
sp006_reachable_10	REACH	7	7	0.029	REACH	7	7	0.039	REACH	7	7	0.132	REACH	7	7	0.381	REACH	7	7	0.036	REACH	7	7	0.118	REACH	7	7	0.360	REACH	7	7	0.126	REACH	7	7	0.387	REACH	7	7	0.426	REACH	7	7	0.385	REACH	7	7	0.399	REACH	7	7	0.458	REACH	7	7	0.453	
