#instance	RECONGO_RESULT : [1_t1__recongo_trendy]	Last_SAT_Step : [1_t1__recongo_trendy]	Last_Step : [1_t1__recongo_trendy]	CPUTime : [1_t1__recongo_trendy]	RECONGO_RESULT : [1_t2__recongo_trendy]	Last_SAT_Step : [1_t2__recongo_trendy]	Last_Step : [1_t2__recongo_trendy]	CPUTime : [1_t2__recongo_trendy]	RECONGO_RESULT : [1_t3__recongo_trendy]	Last_SAT_Step : [1_t3__recongo_trendy]	Last_Step : [1_t3__recongo_trendy]	CPUTime : [1_t3__recongo_trendy]	RECONGO_RESULT : [1_t4__recongo_trendy]	Last_SAT_Step : [1_t4__recongo_trendy]	Last_Step : [1_t4__recongo_trendy]	CPUTime : [1_t4__recongo_trendy]	RECONGO_RESULT : [2_t1t2__recongo_trendy]	Last_SAT_Step : [2_t1t2__recongo_trendy]	Last_Step : [2_t1t2__recongo_trendy]	CPUTime : [2_t1t2__recongo_trendy]	RECONGO_RESULT : [2_t1t3__recongo_trendy]	Last_SAT_Step : [2_t1t3__recongo_trendy]	Last_Step : [2_t1t3__recongo_trendy]	CPUTime : [2_t1t3__recongo_trendy]	RECONGO_RESULT : [2_t1t4__recongo_trendy]	Last_SAT_Step : [2_t1t4__recongo_trendy]	Last_Step : [2_t1t4__recongo_trendy]	CPUTime : [2_t1t4__recongo_trendy]	RECONGO_RESULT : [2_t2t3__recongo_trendy]	Last_SAT_Step : [2_t2t3__recongo_trendy]	Last_Step : [2_t2t3__recongo_trendy]	CPUTime : [2_t2t3__recongo_trendy]	RECONGO_RESULT : [2_t2t4__recongo_trendy]	Last_SAT_Step : [2_t2t4__recongo_trendy]	Last_Step : [2_t2t4__recongo_trendy]	CPUTime : [2_t2t4__recongo_trendy]	RECONGO_RESULT : [2_t3t4__recongo_trendy]	Last_SAT_Step : [2_t3t4__recongo_trendy]	Last_Step : [2_t3t4__recongo_trendy]	CPUTime : [2_t3t4__recongo_trendy]	RECONGO_RESULT : [3_t1t2t4__recongo_trendy]	Last_SAT_Step : [3_t1t2t4__recongo_trendy]	Last_Step : [3_t1t2t4__recongo_trendy]	CPUTime : [3_t1t2t4__recongo_trendy]	RECONGO_RESULT : [3_t1t3t4__recongo_trendy]	Last_SAT_Step : [3_t1t3t4__recongo_trendy]	Last_Step : [3_t1t3t4__recongo_trendy]	CPUTime : [3_t1t3t4__recongo_trendy]	RECONGO_RESULT : [3_t2t3t4__recongo_trendy]	Last_SAT_Step : [3_t2t3t4__recongo_trendy]	Last_Step : [3_t2t3t4__recongo_trendy]	CPUTime : [3_t2t3t4__recongo_trendy]	RECONGO_RESULT : [4_t1t2t3t4__recongo_trendy]	Last_SAT_Step : [4_t1t2t3t4__recongo_trendy]	Last_Step : [4_t1t2t3t4__recongo_trendy]	CPUTime : [4_t1t2t3t4__recongo_trendy]	
2-FullIns_3_unreachable_01	UNREACH	-1	23	1.094	UNREACH	-1	23	0.372	UNREACH	-1	23	0.514	UNREACH	-1	23	1.027	UNREACH	-1	23	0.358	UNREACH	-1	23	0.546	UNREACH	-1	23	1.016	UNREACH	-1	23	0.649	UNREACH	-1	23	1.273	UNREACH	-1	23	1.138	UNREACH	-1	23	1.282	UNREACH	-1	23	1.260	UNREACH	-1	23	1.275	UNREACH	-1	23	1.309	
2-FullIns_3_unreachable_02	UNREACH	-1	23	1.799	UNREACH	-1	23	0.316	UNREACH	-1	23	0.609	UNREACH	-1	23	1.227	UNREACH	-1	23	0.363	UNREACH	-1	23	0.552	UNREACH	-1	23	1.161	UNREACH	-1	23	0.677	UNREACH	-1	23	1.175	UNREACH	-1	23	1.160	UNREACH	-1	23	1.334	UNREACH	-1	23	1.091	UNREACH	-1	23	1.431	UNREACH	-1	23	1.271	
2-FullIns_3_unreachable_03	UNREACH	-1	23	1.701	UNREACH	-1	23	0.356	UNREACH	-1	23	0.521	UNREACH	-1	23	0.925	UNREACH	-1	23	0.383	UNREACH	-1	23	0.563	UNREACH	-1	23	1.216	UNREACH	-1	23	0.552	UNREACH	-1	23	1.116	UNREACH	-1	23	1.096	UNREACH	-1	23	1.269	UNREACH	-1	23	1.132	UNREACH	-1	23	1.424	UNREACH	-1	23	1.462	
2-FullIns_3_unreachable_04	UNREACH	-1	23	2.389	UNREACH	-1	23	0.321	UNREACH	-1	23	0.536	UNREACH	-1	23	0.955	UNREACH	-1	23	0.345	UNREACH	-1	23	0.448	UNREACH	-1	23	0.973	UNREACH	-1	23	0.602	UNREACH	-1	23	1.078	UNREACH	-1	23	1.089	UNREACH	-1	23	1.249	UNREACH	-1	23	1.470	UNREACH	-1	23	1.215	UNREACH	-1	23	1.330	
2-FullIns_3_unreachable_05	UNREACH	-1	23	1.521	UNREACH	-1	23	0.313	UNREACH	-1	23	0.504	UNREACH	-1	23	0.931	UNREACH	-1	23	0.331	UNREACH	-1	23	0.536	UNREACH	-1	23	1.068	UNREACH	-1	23	0.625	UNREACH	-1	23	1.305	UNREACH	-1	23	1.255	UNREACH	-1	23	1.289	UNREACH	-1	23	1.194	UNREACH	-1	23	1.375	UNREACH	-1	23	1.368	
2-FullIns_3_unreachable_06	UNREACH	-1	23	1.822	UNREACH	-1	23	0.333	UNREACH	-1	23	0.518	UNREACH	-1	23	1.007	UNREACH	-1	23	0.345	UNREACH	-1	23	0.524	UNREACH	-1	23	1.064	UNREACH	-1	23	0.579	UNREACH	-1	23	1.209	UNREACH	-1	23	1.242	UNREACH	-1	23	1.063	UNREACH	-1	23	1.139	UNREACH	-1	23	1.235	UNREACH	-1	23	1.431	
2-FullIns_3_unreachable_07	UNREACH	-1	23	3.424	UNREACH	-1	23	0.336	UNREACH	-1	23	0.516	UNREACH	-1	23	1.101	UNREACH	-1	23	0.348	UNREACH	-1	23	0.563	UNREACH	-1	23	1.139	UNREACH	-1	23	0.571	UNREACH	-1	23	1.072	UNREACH	-1	23	1.165	UNREACH	-1	23	1.201	UNREACH	-1	23	1.234	UNREACH	-1	23	1.278	UNREACH	-1	23	1.415	
2-FullIns_3_unreachable_08	UNREACH	-1	23	0.682	UNREACH	-1	23	0.354	UNREACH	-1	23	0.558	UNREACH	-1	23	1.016	UNREACH	-1	23	0.420	UNREACH	-1	23	0.547	UNREACH	-1	23	1.028	UNREACH	-1	23	0.556	UNREACH	-1	23	1.137	UNREACH	-1	23	1.205	UNREACH	-1	23	1.135	UNREACH	-1	23	1.153	UNREACH	-1	23	1.227	UNREACH	-1	23	1.414	
2-FullIns_3_unreachable_09	UNREACH	-1	23	2.449	UNREACH	-1	23	0.326	UNREACH	-1	23	0.501	UNREACH	-1	23	1.339	UNREACH	-1	23	0.398	UNREACH	-1	23	0.588	UNREACH	-1	23	1.073	UNREACH	-1	23	0.560	UNREACH	-1	23	1.182	UNREACH	-1	23	1.236	UNREACH	-1	23	1.383	UNREACH	-1	23	1.286	UNREACH	-1	23	1.172	UNREACH	-1	23	1.422	
2-FullIns_3_unreachable_10	UNREACH	-1	23	1.440	UNREACH	-1	23	0.348	UNREACH	-1	23	0.501	UNREACH	-1	23	1.031	UNREACH	-1	23	0.392	UNREACH	-1	23	0.533	UNREACH	-1	23	1.100	UNREACH	-1	23	0.581	UNREACH	-1	23	1.162	UNREACH	-1	23	1.077	UNREACH	-1	23	1.318	UNREACH	-1	23	1.235	UNREACH	-1	23	1.385	UNREACH	-1	23	1.390	
2-Fullins_4_unreachable_01	NA	NA	NA	NA	NA	NA	NA	NA	NA	NA	NA	NA	NA	NA	NA	NA	NA	NA	NA	NA	NA	NA	NA	NA	NA	NA	NA	NA	NA	NA	NA	NA	NA	NA	NA	NA	NA	NA	NA	NA	NA	NA	NA	NA	NA	NA	NA	NA	NA	NA	NA	NA	NA	NA	NA	NA	
2-Fullins_4_unreachable_02	NA	NA	NA	NA	NA	NA	NA	NA	NA	NA	NA	NA	NA	NA	NA	NA	NA	NA	NA	NA	NA	NA	NA	NA	NA	NA	NA	NA	NA	NA	NA	NA	NA	NA	NA	NA	NA	NA	NA	NA	NA	NA	NA	NA	NA	NA	NA	NA	NA	NA	NA	NA	NA	NA	NA	NA	
2-Fullins_4_unreachable_03	NA	NA	NA	NA	NA	NA	NA	NA	NA	NA	NA	NA	NA	NA	NA	NA	NA	NA	NA	NA	NA	NA	NA	NA	NA	NA	NA	NA	NA	NA	NA	NA	NA	NA	NA	NA	NA	NA	NA	NA	NA	NA	NA	NA	NA	NA	NA	NA	NA	NA	NA	NA	NA	NA	NA	NA	
2-Fullins_4_unreachable_04	NA	NA	NA	NA	NA	NA	NA	NA	NA	NA	NA	NA	NA	NA	NA	NA	NA	NA	NA	NA	NA	NA	NA	NA	NA	NA	NA	NA	NA	NA	NA	NA	NA	NA	NA	NA	NA	NA	NA	NA	NA	NA	NA	NA	NA	NA	NA	NA	NA	NA	NA	NA	NA	NA	NA	NA	
2-Fullins_4_unreachable_05	NA	NA	NA	NA	NA	NA	NA	NA	NA	NA	NA	NA	NA	NA	NA	NA	NA	NA	NA	NA	NA	NA	NA	NA	NA	NA	NA	NA	NA	NA	NA	NA	NA	NA	NA	NA	NA	NA	NA	NA	NA	NA	NA	NA	NA	NA	NA	NA	NA	NA	NA	NA	NA	NA	NA	NA	
2-Fullins_4_unreachable_06	NA	NA	NA	NA	NA	NA	NA	NA	NA	NA	NA	NA	NA	NA	NA	NA	NA	NA	NA	NA	NA	NA	NA	NA	NA	NA	NA	NA	NA	NA	NA	NA	NA	NA	NA	NA	NA	NA	NA	NA	NA	NA	NA	NA	NA	NA	NA	NA	NA	NA	NA	NA	NA	NA	NA	NA	
2-Fullins_4_unreachable_07	NA	NA	NA	NA	NA	NA	NA	NA	NA	NA	NA	NA	NA	NA	NA	NA	NA	NA	NA	NA	NA	NA	NA	NA	NA	NA	NA	NA	NA	NA	NA	NA	NA	NA	NA	NA	NA	NA	NA	NA	NA	NA	NA	NA	NA	NA	NA	NA	NA	NA	NA	NA	NA	NA	NA	NA	
2-Fullins_4_unreachable_08	NA	NA	NA	NA	NA	NA	NA	NA	NA	NA	NA	NA	NA	NA	NA	NA	NA	NA	NA	NA	NA	NA	NA	NA	NA	NA	NA	NA	NA	NA	NA	NA	NA	NA	NA	NA	NA	NA	NA	NA	NA	NA	NA	NA	NA	NA	NA	NA	NA	NA	NA	NA	NA	NA	NA	NA	
2-Fullins_4_unreachable_09	NA	NA	NA	NA	NA	NA	NA	NA	NA	NA	NA	NA	NA	NA	NA	NA	NA	NA	NA	NA	NA	NA	NA	NA	NA	NA	NA	NA	NA	NA	NA	NA	NA	NA	NA	NA	NA	NA	NA	NA	NA	NA	NA	NA	NA	NA	NA	NA	NA	NA	NA	NA	NA	NA	NA	NA	
2-Fullins_4_unreachable_10	NA	NA	NA	NA	NA	NA	NA	NA	NA	NA	NA	NA	NA	NA	NA	NA	NA	NA	NA	NA	NA	NA	NA	NA	NA	NA	NA	NA	NA	NA	NA	NA	NA	NA	NA	NA	NA	NA	NA	NA	NA	NA	NA	NA	NA	NA	NA	NA	NA	NA	NA	NA	NA	NA	NA	NA	
3-Fullins_3_unreachable_01	NA	NA	NA	NA	NA	NA	NA	NA	NA	NA	NA	NA	NA	NA	NA	NA	NA	NA	NA	NA	NA	NA	NA	NA	NA	NA	NA	NA	NA	NA	NA	NA	NA	NA	NA	NA	NA	NA	NA	NA	NA	NA	NA	NA	NA	NA	NA	NA	NA	NA	NA	NA	NA	NA	NA	NA	
3-Fullins_3_unreachable_02	NA	NA	NA	NA	NA	NA	NA	NA	NA	NA	NA	NA	NA	NA	NA	NA	NA	NA	NA	NA	NA	NA	NA	NA	NA	NA	NA	NA	NA	NA	NA	NA	NA	NA	NA	NA	NA	NA	NA	NA	NA	NA	NA	NA	NA	NA	NA	NA	NA	NA	NA	NA	NA	NA	NA	NA	
3-Fullins_3_unreachable_03	NA	NA	NA	NA	NA	NA	NA	NA	NA	NA	NA	NA	NA	NA	NA	NA	NA	NA	NA	NA	NA	NA	NA	NA	NA	NA	NA	NA	NA	NA	NA	NA	NA	NA	NA	NA	NA	NA	NA	NA	NA	NA	NA	NA	NA	NA	NA	NA	NA	NA	NA	NA	NA	NA	NA	NA	
3-Fullins_3_unreachable_04	NA	NA	NA	NA	NA	NA	NA	NA	NA	NA	NA	NA	NA	NA	NA	NA	NA	NA	NA	NA	NA	NA	NA	NA	NA	NA	NA	NA	NA	NA	NA	NA	NA	NA	NA	NA	NA	NA	NA	NA	NA	NA	NA	NA	NA	NA	NA	NA	NA	NA	NA	NA	NA	NA	NA	NA	
3-Fullins_3_unreachable_05	NA	NA	NA	NA	NA	NA	NA	NA	NA	NA	NA	NA	NA	NA	NA	NA	NA	NA	NA	NA	NA	NA	NA	NA	NA	NA	NA	NA	NA	NA	NA	NA	NA	NA	NA	NA	NA	NA	NA	NA	NA	NA	NA	NA	NA	NA	NA	NA	NA	NA	NA	NA	NA	NA	NA	NA	
3-Fullins_3_unreachable_06	NA	NA	NA	NA	NA	NA	NA	NA	NA	NA	NA	NA	NA	NA	NA	NA	NA	NA	NA	NA	NA	NA	NA	NA	NA	NA	NA	NA	NA	NA	NA	NA	NA	NA	NA	NA	NA	NA	NA	NA	NA	NA	NA	NA	NA	NA	NA	NA	NA	NA	NA	NA	NA	NA	NA	NA	
3-Fullins_3_unreachable_07	NA	NA	NA	NA	NA	NA	NA	NA	NA	NA	NA	NA	NA	NA	NA	NA	NA	NA	NA	NA	NA	NA	NA	NA	NA	NA	NA	NA	NA	NA	NA	NA	NA	NA	NA	NA	NA	NA	NA	NA	NA	NA	NA	NA	NA	NA	NA	NA	NA	NA	NA	NA	NA	NA	NA	NA	
3-Fullins_3_unreachable_08	NA	NA	NA	NA	NA	NA	NA	NA	NA	NA	NA	NA	NA	NA	NA	NA	NA	NA	NA	NA	NA	NA	NA	NA	NA	NA	NA	NA	NA	NA	NA	NA	NA	NA	NA	NA	NA	NA	NA	NA	NA	NA	NA	NA	NA	NA	NA	NA	NA	NA	NA	NA	NA	NA	NA	NA	
3-Fullins_3_unreachable_09	NA	NA	NA	NA	NA	NA	NA	NA	NA	NA	NA	NA	NA	NA	NA	NA	NA	NA	NA	NA	NA	NA	NA	NA	NA	NA	NA	NA	NA	NA	NA	NA	NA	NA	NA	NA	NA	NA	NA	NA	NA	NA	NA	NA	NA	NA	NA	NA	NA	NA	NA	NA	NA	NA	NA	NA	
3-Fullins_3_unreachable_10	NA	NA	NA	NA	NA	NA	NA	NA	NA	NA	NA	NA	NA	NA	NA	NA	NA	NA	NA	NA	NA	NA	NA	NA	NA	NA	NA	NA	NA	NA	NA	NA	NA	NA	NA	NA	NA	NA	NA	NA	NA	NA	NA	NA	NA	NA	NA	NA	NA	NA	NA	NA	NA	NA	NA	NA	
3-Fullins_4_unreachable_01	NA	NA	NA	NA	NA	NA	NA	NA	NA	NA	NA	NA	NA	NA	NA	NA	NA	NA	NA	NA	NA	NA	NA	NA	NA	NA	NA	NA	NA	NA	NA	NA	NA	NA	NA	NA	NA	NA	NA	NA	NA	NA	NA	NA	NA	NA	NA	NA	NA	NA	NA	NA	NA	NA	NA	NA	
3-Fullins_4_unreachable_02	NA	NA	NA	NA	NA	NA	NA	NA	NA	NA	NA	NA	NA	NA	NA	NA	NA	NA	NA	NA	NA	NA	NA	NA	NA	NA	NA	NA	NA	NA	NA	NA	NA	NA	NA	NA	NA	NA	NA	NA	NA	NA	NA	NA	NA	NA	NA	NA	NA	NA	NA	NA	NA	NA	NA	NA	
3-Fullins_4_unreachable_03	NA	NA	NA	NA	NA	NA	NA	NA	NA	NA	NA	NA	NA	NA	NA	NA	NA	NA	NA	NA	NA	NA	NA	NA	NA	NA	NA	NA	NA	NA	NA	NA	NA	NA	NA	NA	NA	NA	NA	NA	NA	NA	NA	NA	NA	NA	NA	NA	NA	NA	NA	NA	NA	NA	NA	NA	
3-Fullins_4_unreachable_04	NA	NA	NA	NA	NA	NA	NA	NA	NA	NA	NA	NA	NA	NA	NA	NA	NA	NA	NA	NA	NA	NA	NA	NA	NA	NA	NA	NA	NA	NA	NA	NA	NA	NA	NA	NA	NA	NA	NA	NA	NA	NA	NA	NA	NA	NA	NA	NA	NA	NA	NA	NA	NA	NA	NA	NA	
3-Fullins_4_unreachable_05	NA	NA	NA	NA	NA	NA	NA	NA	NA	NA	NA	NA	NA	NA	NA	NA	NA	NA	NA	NA	NA	NA	NA	NA	NA	NA	NA	NA	NA	NA	NA	NA	NA	NA	NA	NA	NA	NA	NA	NA	NA	NA	NA	NA	NA	NA	NA	NA	NA	NA	NA	NA	NA	NA	NA	NA	
3-Fullins_4_unreachable_06	NA	NA	NA	NA	NA	NA	NA	NA	NA	NA	NA	NA	NA	NA	NA	NA	NA	NA	NA	NA	NA	NA	NA	NA	NA	NA	NA	NA	NA	NA	NA	NA	NA	NA	NA	NA	NA	NA	NA	NA	NA	NA	NA	NA	NA	NA	NA	NA	NA	NA	NA	NA	NA	NA	NA	NA	
3-Fullins_4_unreachable_07	NA	NA	NA	NA	NA	NA	NA	NA	NA	NA	NA	NA	NA	NA	NA	NA	NA	NA	NA	NA	NA	NA	NA	NA	NA	NA	NA	NA	NA	NA	NA	NA	NA	NA	NA	NA	NA	NA	NA	NA	NA	NA	NA	NA	NA	NA	NA	NA	NA	NA	NA	NA	NA	NA	NA	NA	
3-Fullins_4_unreachable_08	NA	NA	NA	NA	NA	NA	NA	NA	NA	NA	NA	NA	NA	NA	NA	NA	NA	NA	NA	NA	NA	NA	NA	NA	NA	NA	NA	NA	NA	NA	NA	NA	NA	NA	NA	NA	NA	NA	NA	NA	NA	NA	NA	NA	NA	NA	NA	NA	NA	NA	NA	NA	NA	NA	NA	NA	
3-Fullins_4_unreachable_09	NA	NA	NA	NA	NA	NA	NA	NA	NA	NA	NA	NA	NA	NA	NA	NA	NA	NA	NA	NA	NA	NA	NA	NA	NA	NA	NA	NA	NA	NA	NA	NA	NA	NA	NA	NA	NA	NA	NA	NA	NA	NA	NA	NA	NA	NA	NA	NA	NA	NA	NA	NA	NA	NA	NA	NA	
3-Fullins_4_unreachable_10	NA	NA	NA	NA	NA	NA	NA	NA	NA	NA	NA	NA	NA	NA	NA	NA	NA	NA	NA	NA	NA	NA	NA	NA	NA	NA	NA	NA	NA	NA	NA	NA	NA	NA	NA	NA	NA	NA	NA	NA	NA	NA	NA	NA	NA	NA	NA	NA	NA	NA	NA	NA	NA	NA	NA	NA	
4-Fullins_3_unreachable_01	NA	NA	NA	NA	NA	NA	NA	NA	NA	NA	NA	NA	NA	NA	NA	NA	NA	NA	NA	NA	NA	NA	NA	NA	NA	NA	NA	NA	NA	NA	NA	NA	NA	NA	NA	NA	NA	NA	NA	NA	NA	NA	NA	NA	NA	NA	NA	NA	NA	NA	NA	NA	NA	NA	NA	NA	
4-Fullins_3_unreachable_02	NA	NA	NA	NA	NA	NA	NA	NA	NA	NA	NA	NA	NA	NA	NA	NA	NA	NA	NA	NA	NA	NA	NA	NA	NA	NA	NA	NA	NA	NA	NA	NA	NA	NA	NA	NA	NA	NA	NA	NA	NA	NA	NA	NA	NA	NA	NA	NA	NA	NA	NA	NA	NA	NA	NA	NA	
4-Fullins_3_unreachable_03	NA	NA	NA	NA	NA	NA	NA	NA	NA	NA	NA	NA	NA	NA	NA	NA	NA	NA	NA	NA	NA	NA	NA	NA	NA	NA	NA	NA	NA	NA	NA	NA	NA	NA	NA	NA	NA	NA	NA	NA	NA	NA	NA	NA	NA	NA	NA	NA	NA	NA	NA	NA	NA	NA	NA	NA	
4-Fullins_3_unreachable_04	NA	NA	NA	NA	NA	NA	NA	NA	NA	NA	NA	NA	NA	NA	NA	NA	NA	NA	NA	NA	NA	NA	NA	NA	NA	NA	NA	NA	NA	NA	NA	NA	NA	NA	NA	NA	NA	NA	NA	NA	NA	NA	NA	NA	NA	NA	NA	NA	NA	NA	NA	NA	NA	NA	NA	NA	
4-Fullins_3_unreachable_05	NA	NA	NA	NA	NA	NA	NA	NA	NA	NA	NA	NA	NA	NA	NA	NA	NA	NA	NA	NA	NA	NA	NA	NA	NA	NA	NA	NA	NA	NA	NA	NA	NA	NA	NA	NA	NA	NA	NA	NA	NA	NA	NA	NA	NA	NA	NA	NA	NA	NA	NA	NA	NA	NA	NA	NA	
4-Fullins_3_unreachable_06	NA	NA	NA	NA	NA	NA	NA	NA	NA	NA	NA	NA	NA	NA	NA	NA	NA	NA	NA	NA	NA	NA	NA	NA	NA	NA	NA	NA	NA	NA	NA	NA	NA	NA	NA	NA	NA	NA	NA	NA	NA	NA	NA	NA	NA	NA	NA	NA	NA	NA	NA	NA	NA	NA	NA	NA	
4-Fullins_3_unreachable_07	NA	NA	NA	NA	NA	NA	NA	NA	NA	NA	NA	NA	NA	NA	NA	NA	NA	NA	NA	NA	NA	NA	NA	NA	NA	NA	NA	NA	NA	NA	NA	NA	NA	NA	NA	NA	NA	NA	NA	NA	NA	NA	NA	NA	NA	NA	NA	NA	NA	NA	NA	NA	NA	NA	NA	NA	
4-Fullins_3_unreachable_08	NA	NA	NA	NA	NA	NA	NA	NA	NA	NA	NA	NA	NA	NA	NA	NA	NA	NA	NA	NA	NA	NA	NA	NA	NA	NA	NA	NA	NA	NA	NA	NA	NA	NA	NA	NA	NA	NA	NA	NA	NA	NA	NA	NA	NA	NA	NA	NA	NA	NA	NA	NA	NA	NA	NA	NA	
4-Fullins_3_unreachable_09	NA	NA	NA	NA	NA	NA	NA	NA	NA	NA	NA	NA	NA	NA	NA	NA	NA	NA	NA	NA	NA	NA	NA	NA	NA	NA	NA	NA	NA	NA	NA	NA	NA	NA	NA	NA	NA	NA	NA	NA	NA	NA	NA	NA	NA	NA	NA	NA	NA	NA	NA	NA	NA	NA	NA	NA	
4-Fullins_3_unreachable_10	NA	NA	NA	NA	NA	NA	NA	NA	NA	NA	NA	NA	NA	NA	NA	NA	NA	NA	NA	NA	NA	NA	NA	NA	NA	NA	NA	NA	NA	NA	NA	NA	NA	NA	NA	NA	NA	NA	NA	NA	NA	NA	NA	NA	NA	NA	NA	NA	NA	NA	NA	NA	NA	NA	NA	NA	
4-Insertions_3_unreachable_01	UNKN	-1	13	599.938	UNKN	-1	15	599.930	UNKN	-1	9	599.940	UNKN	-1	60	599.924	UNKN	-1	18	599.935	UNKN	-1	10	599.925	UNKN	-1	39	599.937	UNKN	-1	70	599.907	UNKN	-1	52	599.920	UNKN	-1	39	600.320	UNKN	-1	31	599.939	UNKN	-1	41	599.930	UNKN	-1	57	599.919	UNKN	-1	38	599.931	
4-Insertions_3_unreachable_02	UNKN	-1	13	599.940	UNKN	-1	18	599.946	UNKN	-1	9	600.006	UNKN	-1	47	599.929	UNKN	-1	13	599.941	UNKN	-1	12	599.942	UNKN	-1	56	599.931	UNKN	-1	61	599.916	UNKN	-1	54	599.915	UNKN	-1	40	599.938	UNKN	-1	46	599.932	UNKN	-1	34	599.942	UNKN	-1	52	599.932	UNKN	-1	58	599.904	
4-Insertions_3_unreachable_03	UNKN	-1	15	599.928	UNKN	-1	15	599.950	UNKN	-1	13	599.927	UNKN	-1	52	599.929	UNKN	-1	17	599.932	UNKN	-1	12	599.938	UNKN	-1	38	599.937	UNKN	-1	48	599.924	UNKN	-1	49	600.001	UNKN	-1	41	600.114	UNKN	-1	65	599.914	UNKN	-1	49	599.937	UNKN	-1	50	599.923	UNKN	-1	47	599.922	
4-Insertions_3_unreachable_04	UNKN	-1	17	599.932	UNKN	-1	13	599.929	UNKN	-1	9	599.917	UNKN	-1	45	599.928	UNKN	-1	21	599.931	UNKN	-1	9	599.943	UNKN	-1	44	599.931	UNKN	-1	50	599.914	UNKN	-1	49	599.919	UNKN	-1	30	599.946	UNKN	-1	60	599.923	UNKN	-1	52	599.929	UNKN	-1	45	599.926	UNKN	-1	50	599.914	
4-Insertions_3_unreachable_05	UNKN	-1	15	599.944	UNKN	-1	15	599.941	UNKN	-1	12	599.919	UNKN	-1	41	599.940	UNKN	-1	16	599.932	UNKN	-1	12	599.940	UNKN	-1	55	599.916	UNKN	-1	59	599.915	UNKN	-1	58	599.919	UNKN	-1	54	599.932	UNKN	-1	55	599.918	UNKN	-1	48	599.937	UNKN	-1	55	599.917	UNKN	-1	36	599.922	
4-Insertions_3_unreachable_06	UNKN	-1	17	599.937	UNKN	-1	12	599.936	UNKN	-1	8	599.936	UNKN	-1	32	599.941	UNKN	-1	16	599.933	UNKN	-1	15	599.944	UNKN	-1	44	599.936	UNKN	-1	63	599.913	UNKN	-1	55	599.914	UNKN	-1	50	599.931	UNKN	-1	45	599.929	UNKN	-1	55	599.920	UNKN	-1	60	599.922	UNKN	-1	45	599.928	
4-Insertions_3_unreachable_07	UNKN	-1	13	599.940	UNKN	-1	16	599.942	UNKN	-1	12	599.910	UNKN	-1	38	599.936	UNKN	-1	14	599.930	UNKN	-1	12	599.938	UNKN	-1	43	599.940	UNKN	-1	57	599.917	UNKN	-1	55	599.919	UNKN	-1	42	599.938	UNKN	-1	61	599.918	UNKN	-1	37	599.944	UNKN	-1	54	599.921	UNKN	-1	46	599.923	
4-Insertions_3_unreachable_08	UNKN	-1	16	599.947	UNKN	-1	20	599.944	UNKN	-1	9	599.931	UNKN	-1	38	599.936	UNKN	-1	14	599.933	UNKN	-1	11	599.902	UNKN	-1	36	599.947	UNKN	-1	55	599.916	UNKN	-1	64	599.906	UNKN	-1	28	599.945	UNKN	-1	43	599.929	UNKN	-1	41	599.940	UNKN	-1	51	599.927	UNKN	-1	57	599.910	
4-Insertions_3_unreachable_09	UNKN	-1	14	599.928	UNKN	-1	12	599.940	UNKN	-1	9	599.932	UNKN	-1	45	599.937	UNKN	-1	15	599.935	UNKN	-1	10	599.927	UNKN	-1	47	599.936	UNKN	-1	62	599.912	UNKN	-1	55	599.921	UNKN	-1	41	599.939	UNKN	-1	48	599.932	UNKN	-1	50	599.929	UNKN	-1	50	599.927	UNKN	-1	49	599.923	
4-Insertions_3_unreachable_10	UNKN	-1	17	599.947	UNKN	-1	18	599.952	UNKN	-1	10	599.934	UNKN	-1	43	599.935	UNKN	-1	14	599.926	UNKN	-1	9	599.923	UNKN	-1	46	599.930	UNKN	-1	58	599.907	UNKN	-1	42	599.926	UNKN	-1	38	599.944	UNKN	-1	38	599.934	UNKN	-1	60	599.916	UNKN	-1	56	599.923	UNKN	-1	51	599.920	
5-Fullins_3_unreachable_01	NA	NA	NA	NA	NA	NA	NA	NA	NA	NA	NA	NA	NA	NA	NA	NA	NA	NA	NA	NA	NA	NA	NA	NA	NA	NA	NA	NA	NA	NA	NA	NA	NA	NA	NA	NA	NA	NA	NA	NA	NA	NA	NA	NA	NA	NA	NA	NA	NA	NA	NA	NA	NA	NA	NA	NA	
5-Fullins_3_unreachable_02	NA	NA	NA	NA	NA	NA	NA	NA	NA	NA	NA	NA	NA	NA	NA	NA	NA	NA	NA	NA	NA	NA	NA	NA	NA	NA	NA	NA	NA	NA	NA	NA	NA	NA	NA	NA	NA	NA	NA	NA	NA	NA	NA	NA	NA	NA	NA	NA	NA	NA	NA	NA	NA	NA	NA	NA	
5-Fullins_3_unreachable_03	NA	NA	NA	NA	NA	NA	NA	NA	NA	NA	NA	NA	NA	NA	NA	NA	NA	NA	NA	NA	NA	NA	NA	NA	NA	NA	NA	NA	NA	NA	NA	NA	NA	NA	NA	NA	NA	NA	NA	NA	NA	NA	NA	NA	NA	NA	NA	NA	NA	NA	NA	NA	NA	NA	NA	NA	
5-Fullins_3_unreachable_04	NA	NA	NA	NA	NA	NA	NA	NA	NA	NA	NA	NA	NA	NA	NA	NA	NA	NA	NA	NA	NA	NA	NA	NA	NA	NA	NA	NA	NA	NA	NA	NA	NA	NA	NA	NA	NA	NA	NA	NA	NA	NA	NA	NA	NA	NA	NA	NA	NA	NA	NA	NA	NA	NA	NA	NA	
5-Fullins_3_unreachable_05	NA	NA	NA	NA	NA	NA	NA	NA	NA	NA	NA	NA	NA	NA	NA	NA	NA	NA	NA	NA	NA	NA	NA	NA	NA	NA	NA	NA	NA	NA	NA	NA	NA	NA	NA	NA	NA	NA	NA	NA	NA	NA	NA	NA	NA	NA	NA	NA	NA	NA	NA	NA	NA	NA	NA	NA	
5-Fullins_3_unreachable_06	NA	NA	NA	NA	NA	NA	NA	NA	NA	NA	NA	NA	NA	NA	NA	NA	NA	NA	NA	NA	NA	NA	NA	NA	NA	NA	NA	NA	NA	NA	NA	NA	NA	NA	NA	NA	NA	NA	NA	NA	NA	NA	NA	NA	NA	NA	NA	NA	NA	NA	NA	NA	NA	NA	NA	NA	
5-Fullins_3_unreachable_07	NA	NA	NA	NA	NA	NA	NA	NA	NA	NA	NA	NA	NA	NA	NA	NA	NA	NA	NA	NA	NA	NA	NA	NA	NA	NA	NA	NA	NA	NA	NA	NA	NA	NA	NA	NA	NA	NA	NA	NA	NA	NA	NA	NA	NA	NA	NA	NA	NA	NA	NA	NA	NA	NA	NA	NA	
5-Fullins_3_unreachable_08	NA	NA	NA	NA	NA	NA	NA	NA	NA	NA	NA	NA	NA	NA	NA	NA	NA	NA	NA	NA	NA	NA	NA	NA	NA	NA	NA	NA	NA	NA	NA	NA	NA	NA	NA	NA	NA	NA	NA	NA	NA	NA	NA	NA	NA	NA	NA	NA	NA	NA	NA	NA	NA	NA	NA	NA	
DSJC1000.9_unreachable_01	UNKN	-1	9	599.898	UNKN	-1	8	599.959	UNKN	-1	4	599.942	UNKN	-1	1	599.925	UNKN	-1	14	599.860	UNKN	-1	5	599.899	UNKN	-1	1	599.924	UNKN	-1	5	600.025	UNKN	-1	1	599.918	UNKN	-1	1	599.927	UNKN	-1	1	599.929	UNKN	-1	1	599.921	UNKN	-1	1	599.922	UNKN	-1	1	599.923	
DSJC1000.9_unreachable_02	UNKN	-1	12	599.896	UNKN	-1	6	599.906	UNKN	-1	5	599.937	UNKN	-1	1	599.924	UNKN	-1	5	599.918	UNKN	-1	5	599.940	UNKN	-1	1	599.924	UNKN	-1	7	599.941	UNKN	-1	1	599.919	UNKN	-1	1	599.928	UNKN	-1	1	599.932	UNKN	-1	1	599.930	UNKN	-1	1	599.929	UNKN	-1	1	599.919	
DSJC1000.9_unreachable_03	UNKN	-1	9	599.941	UNKN	-1	7	599.904	UNKN	-1	6	599.780	UNKN	-1	1	599.929	UNKN	-1	5	599.907	UNKN	-1	5	599.907	UNKN	-1	1	599.930	UNREACH	-1	20	469.858	UNKN	-1	1	599.917	UNKN	-1	1	599.930	UNKN	-1	1	599.934	UNKN	-1	1	599.926	UNKN	-1	1	599.932	UNKN	-1	1	599.910	
DSJC1000.9_unreachable_04	UNKN	-1	11	599.874	UNKN	-1	5	599.904	UNKN	-1	6	599.920	UNKN	-1	1	599.932	UNKN	-1	5	599.912	UNKN	-1	5	599.915	UNKN	-1	1	599.927	UNKN	-1	4	599.948	UNKN	-1	1	599.919	UNKN	-1	1	599.931	UNKN	-1	1	599.926	UNKN	-1	1	599.926	UNKN	-1	1	599.931	UNKN	-1	1	599.918	
DSJC125.5_unreachable_01	UNKN	-1	18	599.951	UNKN	-1	28	599.950	UNKN	-1	14	599.954	UNKN	-1	10	599.960	UNKN	-1	26	599.940	UNKN	-1	17	599.946	UNKN	-1	12	599.954	UNKN	-1	41	599.924	UNKN	-1	11	599.944	UNKN	-1	9	599.960	UNKN	-1	9	599.967	UNKN	-1	10	599.960	UNKN	-1	8	599.961	UNKN	-1	10	599.951	
DSJC125.5_unreachable_02	UNKN	-1	15	599.954	UNKN	-1	24	599.939	UNKN	-1	13	599.950	UNKN	-1	9	600.037	UNKN	-1	27	599.932	UNKN	-1	15	599.945	UNKN	-1	10	599.959	UNKN	-1	44	599.923	UNKN	-1	11	599.952	UNKN	-1	10	599.965	UNKN	-1	12	599.959	UNKN	-1	8	599.961	UNKN	-1	10	599.970	UNKN	-1	8	599.952	
DSJC125.5_unreachable_03	UNKN	-1	16	599.945	UNKN	-1	27	599.946	UNKN	-1	13	599.960	UNKN	-1	10	599.955	UNKN	-1	23	599.939	UNKN	-1	16	599.958	UNKN	-1	9	599.964	UNKN	-1	35	599.923	UNKN	-1	9	599.957	UNKN	-1	9	599.970	UNKN	-1	10	599.967	UNKN	-1	9	599.984	UNKN	-1	10	599.969	UNKN	-1	9	599.959	
DSJC125.5_unreachable_04	UNKN	-1	15	599.948	UNKN	-1	27	599.942	UNKN	-1	14	599.952	UNKN	-1	10	599.955	UNKN	-1	32	599.935	UNKN	-1	19	599.946	UNKN	-1	10	599.961	UNKN	-1	25	599.942	UNKN	-1	10	599.952	UNKN	-1	10	599.959	UNKN	-1	9	599.966	UNKN	-1	10	599.983	UNKN	-1	7	599.968	UNKN	-1	11	599.951	
DSJC125.5_unreachable_05	UNKN	-1	11	599.952	UNKN	-1	29	599.934	UNKN	-1	12	599.948	UNKN	-1	9	599.959	UNKN	-1	39	599.929	UNKN	-1	12	599.941	UNKN	-1	9	599.967	UNKN	-1	35	599.931	UNKN	-1	10	599.954	UNKN	-1	9	599.960	UNKN	-1	9	599.967	UNKN	-1	9	599.962	UNKN	-1	13	599.953	UNKN	-1	9	599.949	
DSJC125.5_unreachable_06	UNKN	-1	15	599.946	UNKN	-1	22	599.947	UNKN	-1	11	599.960	UNKN	-1	8	599.968	UNKN	-1	26	599.935	UNKN	-1	13	599.941	UNKN	-1	9	599.971	UNKN	-1	46	599.925	UNKN	-1	10	599.957	UNKN	-1	8	599.963	UNKN	-1	9	599.970	UNKN	-1	9	599.961	UNKN	-1	10	599.968	UNKN	-1	8	599.983	
DSJC125.5_unreachable_07	UNKN	-1	14	599.944	UNKN	-1	38	599.931	UNKN	-1	11	599.958	UNKN	-1	9	599.961	UNKN	-1	37	599.929	UNKN	-1	12	599.944	UNKN	-1	9	599.958	UNKN	-1	38	599.928	UNKN	-1	9	599.952	UNKN	-1	8	599.963	UNKN	-1	11	599.960	UNKN	-1	9	599.972	UNKN	-1	10	599.953	UNKN	-1	11	599.944	
DSJC125.5_unreachable_08	UNKN	-1	15	599.952	UNKN	-1	37	599.933	UNKN	-1	12	599.960	UNKN	-1	8	599.965	UNKN	-1	31	599.936	UNKN	-1	13	599.942	UNKN	-1	9	599.971	UNKN	-1	36	599.926	UNKN	-1	9	599.982	UNKN	-1	9	599.966	UNKN	-1	10	599.961	UNKN	-1	8	599.962	UNKN	-1	11	599.962	UNKN	-1	12	599.956	
DSJC125.5_unreachable_09	UNKN	-1	16	599.945	UNKN	-1	34	599.934	UNKN	-1	12	599.960	UNKN	-1	8	599.965	UNKN	-1	29	599.939	UNKN	-1	12	599.950	UNKN	-1	9	599.973	UNKN	-1	46	599.916	UNKN	-1	8	599.954	UNKN	-1	9	599.952	UNKN	-1	12	600.155	UNKN	-1	8	599.960	UNKN	-1	12	599.957	UNKN	-1	11	599.952	
DSJC125.5_unreachable_10	UNKN	-1	15	599.951	UNKN	-1	28	599.948	UNKN	-1	14	599.945	UNKN	-1	9	599.952	UNKN	-1	27	599.936	UNKN	-1	13	599.948	UNKN	-1	10	599.959	UNKN	-1	25	599.935	UNKN	-1	12	599.943	UNKN	-1	9	599.956	UNKN	-1	12	599.956	UNKN	-1	9	599.962	UNKN	-1	11	599.957	UNKN	-1	13	599.946	
hc-square-005-002_unreachable_01	UNKN	-1	34	599.989	UNKN	-1	29	599.990	UNREACH	-1	95	3.838	UNREACH	-1	95	4.783	UNKN	-1	59	599.923	UNREACH	-1	95	4.347	UNREACH	-1	95	5.023	UNREACH	-1	95	4.557	UNREACH	-1	95	5.661	UNREACH	-1	95	5.505	UNREACH	-1	95	5.719	UNREACH	-1	95	6.086	UNREACH	-1	95	6.048	UNREACH	-1	95	6.642	
hc-square-005-002_unreachable_02	UNKN	-1	22	599.988	UNKN	-1	29	599.990	UNREACH	-1	95	3.733	UNREACH	-1	95	4.725	UNKN	-1	16	599.913	UNREACH	-1	95	3.985	UNREACH	-1	95	4.598	UNREACH	-1	95	4.913	UNREACH	-1	95	5.817	UNREACH	-1	95	5.079	UNREACH	-1	95	6.077	UNREACH	-1	95	5.297	UNREACH	-1	95	6.369	UNREACH	-1	95	7.201	
hc-square-005-002_unreachable_03	UNKN	-1	46	599.986	UNKN	-1	32	599.987	UNREACH	-1	95	4.019	UNREACH	-1	95	4.534	UNKN	-1	22	599.938	UNREACH	-1	95	4.293	UNREACH	-1	95	4.765	UNREACH	-1	95	4.655	UNREACH	-1	95	5.240	UNREACH	-1	95	5.463	UNREACH	-1	95	5.571	UNREACH	-1	95	5.737	UNREACH	-1	95	6.325	UNREACH	-1	95	6.666	
hc-square-005-002_unreachable_04	UNKN	-1	22	599.986	UNKN	-1	39	599.987	UNREACH	-1	95	3.761	UNREACH	-1	95	4.456	UNKN	-1	47	599.922	UNREACH	-1	95	3.888	UNREACH	-1	95	4.774	UNREACH	-1	95	4.316	UNREACH	-1	95	5.565	UNREACH	-1	95	5.171	UNREACH	-1	95	6.033	UNREACH	-1	95	5.488	UNREACH	-1	95	6.452	UNREACH	-1	95	6.399	
hc-square-005-002_unreachable_05	UNKN	-1	32	599.991	UNKN	-1	25	599.992	UNREACH	-1	95	3.984	UNREACH	-1	95	4.843	UNKN	-1	19	599.936	UNREACH	-1	95	3.953	UNREACH	-1	95	4.987	UNREACH	-1	95	4.317	UNREACH	-1	95	5.351	UNREACH	-1	95	5.475	UNREACH	-1	95	5.981	UNREACH	-1	95	5.882	UNREACH	-1	95	6.515	UNREACH	-1	95	6.732	
hc-square-005-002_unreachable_06	UNKN	-1	57	599.972	UNKN	-1	30	599.987	UNREACH	-1	95	3.749	UNREACH	-1	95	4.758	UNKN	-1	22	599.941	UNREACH	-1	95	4.063	UNREACH	-1	95	5.155	UNREACH	-1	95	4.551	UNREACH	-1	95	5.758	UNREACH	-1	95	5.462	UNREACH	-1	95	6.382	UNREACH	-1	95	5.627	UNREACH	-1	95	6.099	UNREACH	-1	95	6.926	
hc-square-005-002_unreachable_07	UNKN	-1	17	599.990	UNKN	-1	28	599.987	UNREACH	-1	95	3.563	UNREACH	-1	95	4.482	UNKN	-1	26	599.946	UNREACH	-1	95	3.868	UNREACH	-1	95	4.637	UNREACH	-1	95	4.566	UNREACH	-1	95	5.809	UNREACH	-1	95	5.218	UNREACH	-1	95	5.331	UNREACH	-1	95	5.939	UNREACH	-1	95	6.247	UNREACH	-1	95	6.411	
hc-square-005-002_unreachable_08	UNKN	-1	25	599.992	UNKN	-1	23	599.987	UNREACH	-1	95	3.935	UNREACH	-1	95	4.777	UNKN	-1	53	599.919	UNREACH	-1	95	3.605	UNREACH	-1	95	4.960	UNREACH	-1	95	4.781	UNREACH	-1	95	5.684	UNREACH	-1	95	5.418	UNREACH	-1	95	5.747	UNREACH	-1	95	5.254	UNREACH	-1	95	6.238	UNREACH	-1	95	6.463	
hc-square-005-002_unreachable_09	UNKN	-1	20	599.991	UNKN	-1	33	599.988	UNREACH	-1	95	4.035	UNREACH	-1	95	4.506	UNKN	-1	16	599.943	UNREACH	-1	95	4.080	UNREACH	-1	95	4.375	UNREACH	-1	95	4.456	UNREACH	-1	95	5.689	UNREACH	-1	95	5.081	UNREACH	-1	95	5.825	UNREACH	-1	95	5.797	UNREACH	-1	95	7.030	UNREACH	-1	95	6.344	
hc-square-005-002_unreachable_10	UNKN	-1	24	599.985	UNKN	-1	19	599.986	UNREACH	-1	95	3.713	UNREACH	-1	95	4.348	UNKN	-1	37	599.933	UNREACH	-1	95	3.784	UNREACH	-1	95	4.666	UNREACH	-1	95	4.975	UNREACH	-1	95	5.575	UNREACH	-1	95	5.224	UNREACH	-1	95	5.345	UNREACH	-1	95	5.510	UNREACH	-1	95	5.954	UNREACH	-1	95	6.344	
latin_square_10_unreachable_01	UNKN	-1	7	599.983	UNKN	-1	7	599.980	UNKN	-1	5	599.983	UNKN	-1	2	599.964	UNKN	-1	7	599.955	UNKN	-1	5	599.971	UNKN	-1	2	599.967	UNKN	-1	4	599.973	UNKN	-1	2	599.907	UNKN	-1	2	599.969	UNKN	-1	2	599.950	UNKN	-1	2	599.968	UNKN	-1	2	599.964	UNKN	-1	2	599.917	
latin_square_10_unreachable_02	UNKN	-1	7	600.003	UNKN	-1	5	599.961	UNKN	-1	5	600.004	UNKN	-1	2	599.947	UNKN	-1	6	599.948	UNKN	-1	5	599.972	UNKN	-1	2	599.965	UNKN	-1	4	599.956	UNKN	-1	2	599.905	UNKN	-1	2	599.969	UNKN	-1	2	599.972	UNKN	-1	2	599.971	UNKN	-1	2	599.972	UNKN	-1	2	599.913	
latin_square_10_unreachable_03	UNKN	-1	7	599.974	UNKN	-1	7	599.964	UNKN	-1	5	600.048	UNKN	-1	2	599.970	UNKN	-1	6	599.938	UNKN	-1	5	599.962	UNKN	-1	2	599.968	UNKN	-1	4	599.947	UNKN	-1	2	599.918	UNKN	-1	2	599.963	UNKN	-1	2	599.972	UNKN	-1	2	599.975	UNKN	-1	2	599.971	UNKN	-1	2	599.917	
latin_square_10_unreachable_04	UNKN	-1	6	599.976	UNKN	-1	7	599.961	UNKN	-1	5	599.988	UNKN	-1	2	599.968	UNKN	-1	7	599.932	UNKN	-1	5	599.944	UNKN	-1	2	599.965	UNKN	-1	4	599.949	UNKN	-1	2	599.914	UNKN	-1	2	599.963	UNKN	-1	2	599.973	UNKN	-1	2	599.975	UNKN	-1	2	599.973	UNKN	-1	2	599.918	
latin_square_10_unreachable_05	UNKN	-1	7	599.962	UNKN	-1	7	599.998	UNKN	-1	4	599.995	UNKN	-1	2	599.960	UNKN	-1	7	599.925	UNKN	-1	5	599.991	UNKN	-1	2	599.970	UNKN	-1	4	599.949	UNKN	-1	2	599.916	UNKN	-1	2	599.962	UNKN	-1	2	599.966	UNKN	-1	2	599.966	UNKN	-1	2	599.967	UNKN	-1	2	599.915	
latin_square_10_unreachable_06	UNKN	-1	7	599.972	UNKN	-1	6	599.992	UNKN	-1	5	600.006	UNKN	-1	2	599.971	UNKN	-1	6	599.969	UNKN	-1	4	599.959	UNKN	-1	2	599.973	UNKN	-1	4	599.948	UNKN	-1	2	599.917	UNKN	-1	2	599.969	UNKN	-1	2	599.970	UNKN	-1	2	599.971	UNKN	-1	2	599.969	UNKN	-1	2	599.917	
latin_square_10_unreachable_07	UNKN	-1	7	599.961	UNKN	-1	6	599.991	UNKN	-1	5	600.049	UNKN	-1	2	599.966	UNKN	-1	7	599.947	UNKN	-1	6	599.940	UNKN	-1	2	599.975	UNKN	-1	4	599.986	UNKN	-1	2	599.926	UNKN	-1	2	599.970	UNKN	-1	2	599.969	UNKN	-1	2	599.969	UNKN	-1	2	599.966	UNKN	-1	2	599.903	
latin_square_10_unreachable_08	UNKN	-1	8	599.963	UNKN	-1	7	599.987	UNKN	-1	5	599.979	UNKN	-1	2	599.970	UNKN	-1	6	599.951	UNKN	-1	6	600.013	UNKN	-1	2	599.971	UNKN	-1	4	599.951	UNKN	-1	2	599.923	UNKN	-1	2	599.969	UNKN	-1	2	599.970	UNKN	-1	2	599.973	UNKN	-1	2	599.968	UNKN	-1	2	599.925	
latin_square_10_unreachable_09	UNKN	-1	7	599.964	UNKN	-1	6	599.990	UNKN	-1	5	599.990	UNKN	-1	2	599.964	UNKN	-1	7	599.926	UNKN	-1	5	599.965	UNKN	-1	2	599.970	UNKN	-1	4	599.940	UNKN	-1	2	599.923	UNKN	-1	2	599.968	UNKN	-1	2	599.972	UNKN	-1	2	599.966	UNKN	-1	2	599.968	UNKN	-1	2	599.919	
latin_square_10_unreachable_10	UNKN	-1	7	599.967	UNKN	-1	5	599.998	UNKN	-1	4	599.977	UNKN	-1	2	599.965	UNKN	-1	6	599.948	UNKN	-1	5	599.986	UNKN	-1	2	599.970	UNKN	-1	4	599.954	UNKN	-1	2	599.916	UNKN	-1	2	599.965	UNKN	-1	2	599.965	UNKN	-1	2	599.968	UNKN	-1	2	599.966	UNKN	-1	2	599.918	
queen7_7_unreachable_01	UNREACH	-1	85	4.646	UNREACH	-1	85	24.593	UNREACH	-1	85	50.137	UNREACH	-1	85	102.028	UNREACH	-1	85	22.870	UNREACH	-1	85	5.300	UNREACH	-1	85	37.701	UNREACH	-1	85	21.805	UNREACH	-1	85	30.548	UNREACH	-1	85	99.695	UNREACH	-1	85	11.177	UNREACH	-1	85	41.709	UNREACH	-1	85	52.795	UNREACH	-1	85	32.882	
queen7_7_unreachable_02	UNREACH	-1	85	16.963	UNREACH	-1	85	12.128	UNREACH	-1	85	50.682	UNREACH	-1	85	98.712	UNREACH	-1	85	3.373	UNREACH	-1	85	4.030	UNREACH	-1	85	16.466	UNREACH	-1	85	2.133	UNREACH	-1	85	32.361	UNREACH	-1	85	112.791	UNREACH	-1	85	87.852	UNREACH	-1	85	27.327	UNREACH	-1	85	63.465	UNREACH	-1	85	61.779	
queen7_7_unreachable_03	UNREACH	-1	85	0.328	UNREACH	-1	85	0.048	UNREACH	-1	85	34.503	UNREACH	-1	85	104.278	UNREACH	-1	85	10.141	UNREACH	-1	85	6.048	UNREACH	-1	85	12.647	UNREACH	-1	85	0.145	UNREACH	-1	85	37.330	UNREACH	-1	85	104.722	UNREACH	-1	85	27.427	UNREACH	-1	85	17.214	UNREACH	-1	85	83.648	UNREACH	-1	85	40.268	
queen7_7_unreachable_04	UNREACH	-1	85	20.116	UNREACH	-1	85	5.304	UNREACH	-1	85	44.870	UNREACH	-1	85	104.628	UNREACH	-1	85	4.970	UNREACH	-1	85	8.343	UNREACH	-1	85	83.301	UNREACH	-1	85	0.124	UNREACH	-1	85	1.884	UNREACH	-1	85	112.973	UNREACH	-1	85	0.463	UNREACH	-1	85	29.050	UNREACH	-1	85	30.541	UNREACH	-1	85	0.500	
queen7_7_unreachable_05	UNREACH	-1	85	7.936	UNREACH	-1	85	0.631	UNREACH	-1	85	40.236	UNREACH	-1	85	109.344	UNREACH	-1	85	0.050	UNREACH	-1	85	2.764	UNREACH	-1	85	46.526	UNREACH	-1	85	0.149	UNREACH	-1	85	103.030	UNREACH	-1	85	101.259	UNREACH	-1	85	0.436	UNREACH	-1	85	8.655	UNREACH	-1	85	58.197	UNREACH	-1	85	0.480	
queen7_7_unreachable_06	UNREACH	-1	85	16.172	UNREACH	-1	85	0.054	UNREACH	-1	85	32.002	UNREACH	-1	85	95.860	UNREACH	-1	85	24.014	UNREACH	-1	85	8.719	UNREACH	-1	85	9.064	UNREACH	-1	85	34.452	UNREACH	-1	85	12.997	UNREACH	-1	85	101.676	UNREACH	-1	85	100.569	UNREACH	-1	85	18.426	UNREACH	-1	85	97.742	UNREACH	-1	85	48.264	
queen7_7_unreachable_07	UNREACH	-1	85	12.752	UNREACH	-1	85	3.817	UNREACH	-1	85	40.348	UNREACH	-1	85	118.326	UNREACH	-1	85	19.487	UNREACH	-1	85	1.428	UNREACH	-1	85	30.785	UNREACH	-1	85	34.699	UNREACH	-1	85	61.378	UNREACH	-1	85	120.364	UNREACH	-1	85	32.765	UNREACH	-1	85	8.543	UNREACH	-1	85	50.436	UNREACH	-1	85	96.380	
queen7_7_unreachable_08	UNREACH	-1	85	8.521	UNREACH	-1	85	21.513	UNREACH	-1	85	55.702	UNREACH	-1	85	106.576	UNREACH	-1	85	0.162	UNREACH	-1	85	3.115	UNREACH	-1	85	7.709	UNREACH	-1	85	8.958	UNREACH	-1	85	63.970	UNREACH	-1	85	137.521	UNREACH	-1	85	90.649	UNREACH	-1	85	33.482	UNREACH	-1	85	38.689	UNREACH	-1	85	66.690	
queen7_7_unreachable_09	UNREACH	-1	85	5.884	UNREACH	-1	85	16.920	UNREACH	-1	85	38.077	UNREACH	-1	85	114.693	UNREACH	-1	85	15.301	UNREACH	-1	85	6.974	UNREACH	-1	85	17.991	UNREACH	-1	85	18.525	UNREACH	-1	85	66.445	UNREACH	-1	85	115.436	UNREACH	-1	85	47.214	UNREACH	-1	85	50.077	UNREACH	-1	85	37.652	UNREACH	-1	85	43.844	
queen7_7_unreachable_10	UNREACH	-1	85	1.313	UNREACH	-1	85	4.179	UNREACH	-1	85	45.737	UNREACH	-1	85	106.367	UNREACH	-1	85	11.728	UNREACH	-1	85	4.222	UNREACH	-1	85	55.997	UNREACH	-1	85	11.032	UNREACH	-1	85	31.579	UNREACH	-1	85	117.245	UNREACH	-1	85	95.017	UNREACH	-1	85	21.371	UNREACH	-1	85	71.754	UNREACH	-1	85	104.909	
queen8_8_unreachable_01	UNKN	-1	24	599.990	UNKN	-1	31	599.990	UNKN	-1	24	599.987	UNKN	-1	19	599.980	UNKN	-1	35	599.943	UNKN	-1	25	599.952	UNKN	-1	20	599.994	UNKN	-1	279	599.580	UNKN	-1	101	599.871	UNKN	-1	18	599.986	UNKN	-1	116	599.902	UNKN	-1	18	599.992	UNKN	-1	99	599.924	UNKN	-1	84	599.892	
queen8_8_unreachable_02	UNKN	-1	23	599.986	UNKN	-1	28	599.992	UNKN	-1	23	599.979	UNKN	-1	18	599.987	UNKN	-1	35	599.937	UNKN	-1	24	599.944	UNKN	-1	18	599.988	UNKN	-1	98	599.890	UNKN	-1	120	599.846	UNKN	-1	17	599.988	UNKN	-1	114	599.907	UNKN	-1	16	599.984	UNKN	-1	105	599.917	UNKN	-1	104	599.876	
queen8_8_unreachable_03	UNKN	-1	22	599.989	UNKN	-1	39	599.985	UNKN	-1	23	599.989	UNKN	-1	16	599.984	UNKN	-1	29	599.947	UNKN	-1	24	599.917	UNKN	-1	18	599.990	UNKN	-1	308	599.501	UNKN	-1	120	599.855	UNKN	-1	16	599.983	UNKN	-1	114	599.909	UNKN	-1	17	599.993	UNKN	-1	100	599.914	UNKN	-1	93	599.877	
queen8_8_unreachable_04	UNKN	-1	21	599.993	UNKN	-1	89	599.950	UNKN	-1	23	599.976	UNKN	-1	15	599.990	UNKN	-1	85	599.892	UNKN	-1	23	599.950	UNKN	-1	17	599.994	UNKN	-1	296	599.535	UNKN	-1	109	599.873	UNKN	-1	14	599.991	UNKN	-1	105	599.913	UNKN	-1	16	599.993	UNKN	-1	105	599.913	UNKN	-1	106	599.872	
queen8_8_unreachable_05	UNKN	-1	20	599.983	UNKN	-1	304	599.565	UNKN	-1	20	599.991	UNKN	-1	14	599.989	UNKN	-1	362	599.341	UNKN	-1	20	599.952	UNKN	-1	15	599.986	UNKN	-1	287	599.515	UNKN	-1	97	599.878	UNKN	-1	13	599.993	UNKN	-1	119	599.901	UNKN	-1	15	599.995	UNKN	-1	83	599.934	UNKN	-1	123	599.843	
queen8_8_unreachable_06	UNKN	-1	21	599.992	UNKN	-1	44	599.971	UNKN	-1	21	599.988	UNKN	-1	17	599.988	UNKN	-1	38	599.944	UNKN	-1	24	599.949	UNKN	-1	18	599.995	UNKN	-1	194	599.754	UNKN	-1	104	599.881	UNKN	-1	17	599.990	UNKN	-1	120	599.898	UNKN	-1	18	599.994	UNKN	-1	102	599.917	UNKN	-1	108	599.869	
queen8_8_unreachable_07	UNKN	-1	22	599.992	UNKN	-1	57	599.971	UNKN	-1	21	599.989	UNKN	-1	16	599.952	UNKN	-1	280	599.586	UNKN	-1	22	599.949	UNKN	-1	17	599.990	UNKN	-1	325	599.462	UNKN	-1	112	599.869	UNKN	-1	18	599.984	UNKN	-1	103	599.926	UNKN	-1	19	599.995	UNKN	-1	107	599.916	UNKN	-1	85	599.889	
queen8_8_unreachable_08	UNKN	-1	21	599.992	UNKN	-1	100	599.942	UNKN	-1	22	599.988	UNKN	-1	16	599.985	UNKN	-1	48	599.936	UNKN	-1	22	599.947	UNKN	-1	17	599.990	UNKN	-1	295	599.536	UNKN	-1	93	599.887	UNKN	-1	15	599.993	UNKN	-1	113	599.904	UNKN	-1	17	599.991	UNKN	-1	73	599.946	UNKN	-1	114	599.863	
queen8_8_unreachable_09	UNKN	-1	22	599.990	UNKN	-1	33	599.988	UNKN	-1	22	599.987	UNKN	-1	17	599.983	UNKN	-1	25	599.940	UNKN	-1	25	599.932	UNKN	-1	18	599.987	UNKN	-1	323	599.461	UNKN	-1	108	599.875	UNKN	-1	16	599.978	UNKN	-1	91	599.931	UNKN	-1	18	599.996	UNKN	-1	103	599.918	UNKN	-1	100	599.876	
queen8_8_unreachable_10	UNKN	-1	22	599.984	UNKN	-1	27	599.980	UNKN	-1	23	599.985	UNKN	-1	16	599.988	UNKN	-1	36	599.937	UNKN	-1	22	599.951	UNKN	-1	16	599.995	UNKN	-1	291	599.539	UNKN	-1	116	599.860	UNKN	-1	17	599.979	UNKN	-1	120	599.904	UNKN	-1	18	600.018	UNKN	-1	89	599.927	UNKN	-1	93	599.887	
queen9_9_unreachable_01	UNKN	-1	17	599.992	UNREACH	-1	113	190.637	UNKN	-1	15	599.990	UNKN	-1	14	599.983	UNREACH	-1	113	16.638	UNKN	-1	16	599.951	UNKN	-1	13	599.994	UNREACH	-1	113	18.437	UNREACH	-1	113	99.156	UNKN	-1	12	599.991	UNREACH	-1	113	14.162	UNKN	-1	10	599.996	UNREACH	-1	113	66.716	UNREACH	-1	113	332.486	
queen9_9_unreachable_02	UNKN	-1	23	599.989	UNREACH	-1	113	1.081	UNKN	-1	16	599.991	UNKN	-1	11	599.995	UNREACH	-1	113	4.386	UNKN	-1	18	599.951	UNKN	-1	12	599.984	UNREACH	-1	113	578.036	UNREACH	-1	113	32.558	UNKN	-1	11	599.996	UNREACH	-1	113	14.420	UNKN	-1	12	599.990	UNREACH	-1	113	31.631	UNREACH	-1	113	76.220	
queen9_9_unreachable_03	UNKN	-1	21	599.987	UNREACH	-1	113	0.380	UNKN	-1	16	599.992	UNKN	-1	12	599.991	UNREACH	-1	113	4.176	UNKN	-1	16	599.947	UNKN	-1	12	599.993	UNREACH	-1	113	57.968	UNKN	-1	34	599.921	UNKN	-1	10	599.996	UNREACH	-1	113	121.109	UNKN	-1	11	599.994	UNREACH	-1	113	86.322	UNREACH	-1	113	76.215	
queen9_9_unreachable_04	UNKN	-1	19	599.982	UNREACH	-1	113	92.201	UNKN	-1	14	599.987	UNKN	-1	13	599.986	UNREACH	-1	113	23.304	UNKN	-1	19	599.966	UNKN	-1	10	599.996	UNREACH	-1	113	23.486	UNREACH	-1	113	305.813	UNKN	-1	12	599.992	UNREACH	-1	113	16.251	UNKN	-1	12	599.983	UNREACH	-1	113	129.956	UNREACH	-1	113	45.809	
queen9_9_unreachable_05	UNKN	-1	16	599.994	UNREACH	-1	113	205.105	UNKN	-1	17	599.985	UNKN	-1	10	599.995	UNREACH	-1	113	82.862	UNKN	-1	15	599.946	UNKN	-1	12	599.988	UNREACH	-1	113	35.797	UNREACH	-1	113	51.875	UNKN	-1	10	599.985	UNREACH	-1	113	412.948	UNKN	-1	11	599.996	UNREACH	-1	113	215.248	UNREACH	-1	113	77.776	
queen9_9_unreachable_06	UNKN	-1	17	599.992	UNREACH	-1	113	284.916	UNKN	-1	16	599.990	UNKN	-1	20	599.984	UNREACH	-1	113	10.474	UNKN	-1	20	599.945	UNKN	-1	11	599.996	UNREACH	-1	113	194.144	UNREACH	-1	113	36.623	UNKN	-1	11	599.992	UNREACH	-1	113	35.117	UNKN	-1	10	599.987	UNREACH	-1	113	143.281	UNREACH	-1	113	23.107	
queen9_9_unreachable_07	UNKN	-1	18	599.992	UNREACH	-1	113	63.449	UNKN	-1	15	599.991	UNKN	-1	19	599.988	UNREACH	-1	113	181.247	UNKN	-1	15	599.943	UNKN	-1	10	599.992	UNREACH	-1	113	0.405	UNREACH	-1	113	99.118	UNKN	-1	11	599.990	UNREACH	-1	113	14.027	UNKN	-1	11	599.993	UNREACH	-1	113	188.410	UNREACH	-1	113	86.575	
queen9_9_unreachable_08	UNKN	-1	21	599.991	UNREACH	-1	113	8.724	UNKN	-1	17	599.992	UNKN	-1	15	599.990	UNREACH	-1	113	52.656	UNKN	-1	15	599.936	UNKN	-1	14	599.994	UNREACH	-1	113	292.962	UNREACH	-1	113	61.807	UNKN	-1	11	599.987	UNREACH	-1	113	24.977	UNKN	-1	11	599.992	UNREACH	-1	113	80.489	UNREACH	-1	113	342.144	
queen9_9_unreachable_09	UNKN	-1	19	599.986	UNREACH	-1	113	0.297	UNKN	-1	15	599.986	UNKN	-1	12	599.990	UNREACH	-1	113	0.387	UNKN	-1	15	599.949	UNKN	-1	14	599.994	UNREACH	-1	113	54.878	UNREACH	-1	113	56.928	UNKN	-1	14	599.981	UNREACH	-1	113	25.772	UNKN	-1	11	599.988	UNREACH	-1	113	43.229	UNREACH	-1	113	68.475	
queen9_9_unreachable_10	UNKN	-1	16	599.993	UNREACH	-1	113	3.998	UNKN	-1	16	599.988	UNKN	-1	12	599.986	UNREACH	-1	113	32.979	UNKN	-1	19	599.940	UNKN	-1	11	599.996	UNREACH	-1	113	465.527	UNREACH	-1	113	145.190	UNKN	-1	12	599.991	UNREACH	-1	113	107.845	UNKN	-1	11	599.997	UNREACH	-1	113	101.176	UNREACH	-1	113	18.602	
