#Instance	Encoding	Solver	RESULT	Optimization	Optimum	CPUTime	TIMELIMIT	Choices	Conflicts	Restarts	Variables	Constraints
1-FullIns_3	dsp1_min	clingo550twe-BB	OPTIMUM	4	yes	0.003	0	910	756	6	60	30
1-FullIns_3	dsp1_min	clingo550twe-usc	OPTIMUM	4	yes	0.002	0	26	11	0	60	30
1-FullIns_3	dsp2_min	clingo550twe-BB	OPTIMUM	4	yes	0.004	0	910	756	6	60	30
1-FullIns_3	dsp2_min	clingo550twe-usc	OPTIMUM	4	yes	0.002	0	26	11	0	60	30
1-FullIns_3	dsp3_min	clingo550twe-BB	OPTIMUM	4	yes	0.004	0	940	762	6	60	260
1-FullIns_3	dsp3_min	clingo550twe-usc	OPTIMUM	4	yes	0.002	0	23	12	0	60	260
1-FullIns_4	dsp1_min	clingo550twe-BB	OPTIMUM	5	yes	0.422	0	80806	70604	237	186	93
1-FullIns_4	dsp1_min	clingo550twe-usc	OPTIMUM	5	yes	0.006	0	79	28	0	186	93
1-FullIns_4	dsp2_min	clingo550twe-BB	OPTIMUM	5	yes	0.424	0	80806	70604	237	186	93
1-FullIns_4	dsp2_min	clingo550twe-usc	OPTIMUM	5	yes	0.007	0	79	28	0	186	93
1-FullIns_4	dsp3_min	clingo550twe-BB	OPTIMUM	5	yes	0.369	0	62780	51956	179	186	1372
1-FullIns_4	dsp3_min	clingo550twe-usc	OPTIMUM	5	yes	0.007	0	59	11	0	186	1372
1-FullIns_5	dsp1_min	clingo550twe-BB	OPTIMUM	6	yes	109.032	0	20814590	9662410	18681	564	282
1-FullIns_5	dsp1_min	clingo550twe-usc	OPTIMUM	6	yes	0.025	0	270	27	0	564	282
1-FullIns_5	dsp2_min	clingo550twe-BB	OPTIMUM	6	yes	109.643	0	20814590	9662410	18681	564	282
1-FullIns_5	dsp2_min	clingo550twe-usc	OPTIMUM	6	yes	0.031	0	270	27	0	564	282
1-FullIns_5	dsp3_min	clingo550twe-BB	OPTIMUM	6	yes	61.785	0	5694821	5408643	9276	564	7058
1-FullIns_5	dsp3_min	clingo550twe-usc	OPTIMUM	6	yes	0.033	0	323	83	0	564	7058
1-Insertions_4	dsp1_min	clingo550twe-BB	OPTIMUM	7	yes	0.434	0	109533	82115	254	134	67
1-Insertions_4	dsp1_min	clingo550twe-usc	OPTIMUM	7	yes	0.004	0	202	132	1	134	67
1-Insertions_4	dsp2_min	clingo550twe-BB	OPTIMUM	7	yes	0.437	0	109533	82115	254	134	67
1-Insertions_4	dsp2_min	clingo550twe-usc	OPTIMUM	7	yes	0.005	0	202	132	1	134	67
1-Insertions_4	dsp3_min	clingo550twe-BB	OPTIMUM	7	yes	0.688	0	157830	114775	358	134	598
1-Insertions_4	dsp3_min	clingo550twe-usc	OPTIMUM	7	yes	0.005	0	239	187	2	134	598
1-Insertions_5	dsp1_min	clingo550twe-BB	SAT	9	unknown	1199.967	1	175762254	94566791	139261	404	202
1-Insertions_5	dsp1_min	clingo550twe-usc	OPTIMUM	9	yes	0.045	0	3405	1617	13	404	202
1-Insertions_5	dsp2_min	clingo550twe-BB	SAT	9	unknown	1199.973	1	175732971	94551007	139261	404	202
1-Insertions_5	dsp2_min	clingo550twe-usc	OPTIMUM	9	yes	0.048	0	3405	1617	13	404	202
1-Insertions_5	dsp3_min	clingo550twe-BB	SAT	11	unknown	1199.970	1	148297490	84399216	131068	404	2858
1-Insertions_5	dsp3_min	clingo550twe-usc	OPTIMUM	9	yes	0.132	0	6949	3894	25	404	2858
1-Insertions_6	dsp1_min	clingo550twe-BB	SAT	55	unknown	1199.978	1	151820993	55113287	81916	1214	607
1-Insertions_6	dsp1_min	clingo550twe-usc	OPTIMUM	11	yes	24.989	0	505553	255765	716	1214	607
1-Insertions_6	dsp2_min	clingo550twe-BB	SAT	55	unknown	1199.980	1	151973051	55170305	81916	1214	607
1-Insertions_6	dsp2_min	clingo550twe-usc	OPTIMUM	11	yes	25.130	0	505553	255765	716	1214	607
1-Insertions_6	dsp3_min	clingo550twe-BB	SAT	33	unknown	1199.979	1	135673174	50791382	77176	1214	13888
1-Insertions_6	dsp3_min	clingo550twe-usc	OPTIMUM	11	yes	51.686	0	1114579	474914	1325	1214	13888
2-FullIns_3	dsp1_min	clingo550twe-BB	OPTIMUM	6	yes	0.056	0	16548	12279	60	104	52
2-FullIns_3	dsp1_min	clingo550twe-usc	OPTIMUM	6	yes	0.003	0	38	22	0	104	52
2-FullIns_3	dsp2_min	clingo550twe-BB	OPTIMUM	6	yes	0.057	0	16548	12279	60	104	52
2-FullIns_3	dsp2_min	clingo550twe-usc	OPTIMUM	6	yes	0.003	0	38	22	0	104	52
2-FullIns_3	dsp3_min	clingo550twe-BB	OPTIMUM	6	yes	0.098	0	24848	17626	80	104	506
2-FullIns_3	dsp3_min	clingo550twe-usc	OPTIMUM	6	yes	0.003	0	35	23	0	104	506
2-FullIns_4	dsp1_min	clingo550twe-BB	SAT	8	unknown	1199.971	1	171852352	99936692	159231	424	212
2-FullIns_4	dsp1_min	clingo550twe-usc	OPTIMUM	8	yes	0.015	0	319	106	1	424	212
2-FullIns_4	dsp2_min	clingo550twe-BB	SAT	8	unknown	1199.978	1	171676081	99828060	158969	424	212
2-FullIns_4	dsp2_min	clingo550twe-usc	OPTIMUM	8	yes	0.018	0	319	106	1	424	212
2-FullIns_4	dsp3_min	clingo550twe-BB	SAT	8	unknown	1199.975	1	108323340	90773270	116159	424	3666
2-FullIns_4	dsp3_min	clingo550twe-usc	OPTIMUM	8	yes	0.063	0	2895	1647	10	424	3666
2-FullIns_5	dsp1_min	clingo550twe-BB	SAT	19	unknown	1199.973	1	151214919	54801213	85250	1704	852
2-FullIns_5	dsp1_min	clingo550twe-usc	OPTIMUM	10	yes	0.388	0	11535	3680	23	1704	852
2-FullIns_5	dsp2_min	clingo550twe-BB	SAT	19	unknown	1199.985	1	151165157	54779004	85222	1704	852
2-FullIns_5	dsp2_min	clingo550twe-usc	OPTIMUM	10	yes	0.404	0	11535	3680	23	1704	852
2-FullIns_5	dsp3_min	clingo550twe-BB	SAT	24	unknown	1199.983	1	135961528	47545775	73724	1704	26106
2-FullIns_5	dsp3_min	clingo550twe-usc	OPTIMUM	10	yes	0.824	0	18887	6561	42	1704	26106
2-Insertions_3	dsp1_min	clingo550twe-BB	OPTIMUM	9	yes	0.763	0	196682	151794	510	74	37
2-Insertions_3	dsp1_min	clingo550twe-usc	OPTIMUM	9	yes	0.014	0	1367	1241	9	74	37
2-Insertions_3	dsp2_min	clingo550twe-BB	OPTIMUM	9	yes	0.766	0	196682	151794	510	74	37
2-Insertions_3	dsp2_min	clingo550twe-usc	OPTIMUM	9	yes	0.014	0	1367	1241	9	74	37
2-Insertions_3	dsp3_min	clingo550twe-BB	OPTIMUM	9	yes	0.747	0	154302	120174	444	74	218
2-Insertions_3	dsp3_min	clingo550twe-usc	OPTIMUM	9	yes	0.013	0	1223	1102	9	74	218
2-Insertions_4	dsp1_min	clingo550twe-BB	SAT	19	unknown	1199.985	1	220156555	138983359	227317	298	149
2-Insertions_4	dsp1_min	clingo550twe-usc	SAT	25	unknown	1199.976	1	14683617	13168126	26266	298	149
2-Insertions_4	dsp2_min	clingo550twe-BB	SAT	19	unknown	1199.979	1	219911674	138836730	226808	298	149
2-Insertions_4	dsp2_min	clingo550twe-usc	SAT	25	unknown	1199.986	1	14673097	13158833	26220	298	149
2-Insertions_4	dsp3_min	clingo550twe-BB	SAT	20	unknown	1199.973	1	190961387	123020209	189432	298	1380
2-Insertions_4	dsp3_min	clingo550twe-usc	SAT	32	unknown	1199.982	1	14625017	13219041	26156	298	1380
2-Insertions_5	dsp1_min	clingo550twe-BB	SAT	58	unknown	1199.974	1	157819985	53975050	81916	1194	597
2-Insertions_5	dsp1_min	clingo550twe-usc	SAT	52	unknown	1199.982	1	15635428	8852466	17368	1194	597
2-Insertions_5	dsp2_min	clingo550twe-BB	SAT	58	unknown	1199.969	1	157811425	53972525	81916	1194	597
2-Insertions_5	dsp2_min	clingo550twe-usc	SAT	52	unknown	1199.981	1	15646067	8858221	17368	1194	597
2-Insertions_5	dsp3_min	clingo550twe-BB	SAT	60	unknown	1199.974	1	116596509	50236105	69114	1194	9066
2-Insertions_5	dsp3_min	clingo550twe-usc	SAT	66	unknown	1199.980	1	16185129	9351906	18232	1194	9066
3-FullIns_3	dsp1_min	clingo550twe-BB	OPTIMUM	8	yes	7.583	0	1931504	1328035	3069	160	80
3-FullIns_3	dsp1_min	clingo550twe-usc	OPTIMUM	8	yes	0.004	0	56	25	0	160	80
3-FullIns_3	dsp2_min	clingo550twe-BB	OPTIMUM	8	yes	7.596	0	1931504	1328035	3069	160	80
3-FullIns_3	dsp2_min	clingo550twe-usc	OPTIMUM	8	yes	0.005	0	56	25	0	160	80
3-FullIns_3	dsp3_min	clingo550twe-BB	OPTIMUM	8	yes	6.454	0	1424750	982939	2122	160	852
3-FullIns_3	dsp3_min	clingo550twe-usc	OPTIMUM	8	yes	0.005	0	101	59	0	160	852
3-FullIns_4	dsp1_min	clingo550twe-BB	SAT	18	unknown	1199.984	1	165948488	79458639	122872	810	405
3-FullIns_4	dsp1_min	clingo550twe-usc	OPTIMUM	11	yes	0.030	0	465	142	1	810	405
3-FullIns_4	dsp2_min	clingo550twe-BB	SAT	18	unknown	1199.984	1	166068027	79519080	122873	810	405
3-FullIns_4	dsp2_min	clingo550twe-usc	OPTIMUM	11	yes	0.037	0	465	142	1	810	405
3-FullIns_4	dsp3_min	clingo550twe-BB	SAT	30	unknown	1199.983	1	148617174	61372690	93402	810	7858
3-FullIns_4	dsp3_min	clingo550twe-usc	OPTIMUM	11	yes	0.037	0	320	92	0	810	7858
3-FullIns_5	dsp1_min	clingo550twe-BB	SAT	23	unknown	1199.978	1	97827735	33898140	59387	4060	2030
3-FullIns_5	dsp1_min	clingo550twe-usc	OPTIMUM	14	yes	0.249	0	846	110	1	4060	2030
3-FullIns_5	dsp2_min	clingo550twe-BB	SAT	23	unknown	1199.984	1	97524481	33794447	59385	4060	2030
3-FullIns_5	dsp2_min	clingo550twe-usc	OPTIMUM	14	yes	0.304	0	846	110	1	4060	2030
3-FullIns_5	dsp3_min	clingo550twe-BB	SAT	41	unknown	1199.988	1	88412241	27652750	45273	4060	71562
3-FullIns_5	dsp3_min	clingo550twe-usc	OPTIMUM	14	yes	0.317	0	1243	294	3	4060	71562
3-Insertions_3	dsp1_min	clingo550twe-BB	OPTIMUM	13	yes	610.525	0	83931564	63147296	114681	112	56
3-Insertions_3	dsp1_min	clingo550twe-usc	OPTIMUM	13	yes	0.019	0	1634	1464	12	112	56
3-Insertions_3	dsp2_min	clingo550twe-BB	OPTIMUM	13	yes	612.243	0	83931564	63147296	114681	112	56
3-Insertions_3	dsp2_min	clingo550twe-usc	OPTIMUM	13	yes	0.020	0	1634	1464	12	112	56
3-Insertions_3	dsp3_min	clingo550twe-BB	OPTIMUM	13	yes	360.034	0	49576122	37358420	65534	112	332
3-Insertions_3	dsp3_min	clingo550twe-usc	OPTIMUM	13	yes	0.012	0	923	811	7	112	332
3-Insertions_4	dsp1_min	clingo550twe-BB	SAT	53	unknown	1199.987	1	150811952	80282470	121777	562	281
3-Insertions_4	dsp1_min	clingo550twe-usc	SAT	45	unknown	1199.979	1	16095278	10354750	17132	562	281
3-Insertions_4	dsp2_min	clingo550twe-BB	SAT	53	unknown	1199.987	1	150696535	80226409	121592	562	281
3-Insertions_4	dsp2_min	clingo550twe-usc	SAT	45	unknown	1199.984	1	16050405	10325010	17132	562	281
3-Insertions_4	dsp3_min	clingo550twe-BB	SAT	64	unknown	1199.979	1	126502021	66231684	100728	562	2654
3-Insertions_4	dsp3_min	clingo550twe-usc	SAT	55	unknown	1199.989	1	15245133	9218577	16740	562	2654
3-Insertions_5	dsp1_min	clingo550twe-BB	SAT	140	unknown	1199.977	1	83463678	31341457	49148	2812	1406
3-Insertions_5	dsp1_min	clingo550twe-usc	SAT	132	unknown	1199.988	1	13752748	5350799	10662	2812	1406
3-Insertions_5	dsp2_min	clingo550twe-BB	SAT	140	unknown	1199.983	1	83127249	31209264	49148	2812	1406
3-Insertions_5	dsp2_min	clingo550twe-usc	SAT	132	unknown	1199.987	1	13685715	5324733	10604	2812	1406
3-Insertions_5	dsp3_min	clingo550twe-BB	SAT	144	unknown	1199.972	1	69976494	26326280	39930	2812	22202
3-Insertions_5	dsp3_min	clingo550twe-usc	SAT	166	unknown	1199.992	1	14792616	5086546	11210	2812	22202
4-FullIns_3	dsp1_min	clingo550twe-BB	OPTIMUM	10	yes	584.369	0	94108624	63011384	98301	228	114
4-FullIns_3	dsp1_min	clingo550twe-usc	OPTIMUM	10	yes	0.006	0	146	73	0	228	114
4-FullIns_3	dsp2_min	clingo550twe-BB	OPTIMUM	10	yes	583.698	0	94108624	63011384	98301	228	114
4-FullIns_3	dsp2_min	clingo550twe-usc	OPTIMUM	10	yes	0.007	0	146	73	0	228	114
4-FullIns_3	dsp3_min	clingo550twe-BB	OPTIMUM	10	yes	983.415	0	127571998	86454229	131070	228	1310
4-FullIns_3	dsp3_min	clingo550twe-usc	OPTIMUM	10	yes	0.007	0	132	73	0	228	1310
4-FullIns_4	dsp1_min	clingo550twe-BB	SAT	30	unknown	1199.971	1	142574893	61837319	84219	1380	690
4-FullIns_4	dsp1_min	clingo550twe-usc	OPTIMUM	14	yes	0.072	0	1361	713	6	1380	690
4-FullIns_4	dsp2_min	clingo550twe-BB	SAT	30	unknown	1199.983	1	142829468	61941988	84474	1380	690
4-FullIns_4	dsp2_min	clingo550twe-usc	OPTIMUM	14	yes	0.084	0	1361	713	6	1380	690
4-FullIns_4	dsp3_min	clingo550twe-BB	SAT	62	unknown	1199.986	1	121564624	47226208	65534	1380	14680
4-FullIns_4	dsp3_min	clingo550twe-usc	OPTIMUM	14	yes	0.074	0	968	372	2	1380	14680
4-FullIns_5	dsp1_min	clingo550twe-BB	SAT	41	unknown	1199.979	1	61787551	18953494	32766	8292	4146
4-FullIns_5	dsp1_min	clingo550twe-usc	OPTIMUM	18	yes	0.600	0	3175	628	6	8292	4146
4-FullIns_5	dsp2_min	clingo550twe-BB	SAT	41	unknown	1199.983	1	62140445	19075178	33020	8292	4146
4-FullIns_5	dsp2_min	clingo550twe-usc	OPTIMUM	18	yes	0.717	0	3175	628	6	8292	4146
4-FullIns_5	dsp3_min	clingo550twe-BB	SAT	56	unknown	1199.989	1	58589916	17211628	32693	8292	162902
4-FullIns_5	dsp3_min	clingo550twe-usc	OPTIMUM	18	yes	0.821	0	6290	1531	12	8292	162902
4-Insertions_3	dsp1_min	clingo550twe-BB	SAT	17	unknown	1199.975	1	172284664	129466770	215421	158	79
4-Insertions_3	dsp1_min	clingo550twe-usc	OPTIMUM	17	yes	0.062	0	3907	3476	24	158	79
4-Insertions_3	dsp2_min	clingo550twe-BB	SAT	17	unknown	1199.982	1	172375551	129534696	215577	158	79
4-Insertions_3	dsp2_min	clingo550twe-usc	OPTIMUM	17	yes	0.064	0	3907	3476	24	158	79
4-Insertions_3	dsp3_min	clingo550twe-BB	SAT	17	unknown	1199.969	1	155446274	117700404	196604	158	470
4-Insertions_3	dsp3_min	clingo550twe-usc	OPTIMUM	17	yes	0.172	0	8147	7349	47	158	470
4-Insertions_4	dsp1_min	clingo550twe-BB	SAT	85	unknown	1199.976	1	123686417	61810054	98299	950	475
4-Insertions_4	dsp1_min	clingo550twe-usc	SAT	76	unknown	1199.976	1	16731578	10160727	20516	950	475
4-Insertions_4	dsp2_min	clingo550twe-BB	SAT	85	unknown	1199.963	1	123691091	61812718	98299	950	475
4-Insertions_4	dsp2_min	clingo550twe-usc	SAT	76	unknown	1199.970	1	16668762	10125662	20455	950	475
4-Insertions_4	dsp3_min	clingo550twe-BB	SAT	103	unknown	1199.983	1	107011507	55050914	85369	950	4540
4-Insertions_4	dsp3_min	clingo550twe-usc	SAT	120	unknown	1199.974	1	12811546	7554508	15075	950	4540
5-FullIns_3	dsp1_min	clingo550twe-BB	SAT	11	unknown	1199.975	1	181139731	116598020	178170	308	154
5-FullIns_3	dsp1_min	clingo550twe-usc	OPTIMUM	11	yes	0.008	0	124	81	0	308	154
5-FullIns_3	dsp2_min	clingo550twe-BB	SAT	11	unknown	1199.978	1	181651364	116916309	178816	308	154
5-FullIns_3	dsp2_min	clingo550twe-usc	OPTIMUM	11	yes	0.010	0	124	81	0	308	154
5-FullIns_3	dsp3_min	clingo550twe-BB	SAT	11	unknown	1199.983	1	157047282	103324393	155643	308	1892
5-FullIns_3	dsp3_min	clingo550twe-usc	OPTIMUM	11	yes	0.010	0	89	49	0	308	1892
5-FullIns_4	dsp1_min	clingo550twe-BB	SAT	38	unknown	1199.959	1	122443129	48595597	73725	2170	1085
5-FullIns_4	dsp1_min	clingo550twe-usc	OPTIMUM	17	yes	0.103	0	1476	601	6	2170	1085
5-FullIns_4	dsp2_min	clingo550twe-BB	SAT	38	unknown	1199.980	1	122733672	48723440	73725	2170	1085
5-FullIns_4	dsp2_min	clingo550twe-usc	OPTIMUM	17	yes	0.122	0	1476	601	6	2170	1085
5-FullIns_4	dsp3_min	clingo550twe-BB	SAT	30	unknown	1199.978	1	110941099	47608362	68159	2170	24960
5-FullIns_4	dsp3_min	clingo550twe-usc	OPTIMUM	17	yes	0.148	0	2539	961	7	2170	24960
anna	dsp1_min	clingo550twe-BB	OPTIMUM	12	yes	0.008	0	1232	783	6	276	138
anna	dsp1_min	clingo550twe-usc	OPTIMUM	12	yes	0.005	0	16	13	0	276	138
anna	dsp2_min	clingo550twe-BB	OPTIMUM	12	yes	0.009	0	1232	783	6	276	138
anna	dsp2_min	clingo550twe-usc	OPTIMUM	12	yes	0.007	0	16	13	0	276	138
anna	dsp3_min	clingo550twe-BB	OPTIMUM	12	yes	0.010	0	1729	1034	9	251	1212
anna	dsp3_min	clingo550twe-usc	OPTIMUM	12	yes	0.007	0	16	13	0	251	1212
ash331GPIA	dsp1_min	clingo550twe-BB	SAT	93	unknown	1199.990	1	98232154	44335482	69627	1324	662
ash331GPIA	dsp1_min	clingo550twe-usc	SAT	97	unknown	1199.977	1	24442534	15369862	27196	1324	662
ash331GPIA	dsp2_min	clingo550twe-BB	SAT	93	unknown	1199.966	1	98431297	44436342	69628	1324	662
ash331GPIA	dsp2_min	clingo550twe-usc	SAT	97	unknown	1199.989	1	24411361	15350323	27138	1324	662
ash331GPIA	dsp3_min	clingo550twe-BB	SAT	96	unknown	1199.978	1	93041955	41315591	65855	1323	9684
ash331GPIA	dsp3_min	clingo550twe-usc	SAT	103	unknown	1199.987	1	18522952	12115059	22213	1323	9684
ash608GPIA	dsp1_min	clingo550twe-BB	SAT	157	unknown	1199.978	1	77416888	32315670	49033	2432	1216
ash608GPIA	dsp1_min	clingo550twe-usc	SAT	185	unknown	1199.980	1	18253625	12052577	24239	2432	1216
ash608GPIA	dsp2_min	clingo550twe-BB	SAT	157	unknown	1199.975	1	77158998	32217137	48760	2432	1216
ash608GPIA	dsp2_min	clingo550twe-usc	SAT	185	unknown	1199.986	1	18209084	12023376	24239	2432	1216
ash608GPIA	dsp3_min	clingo550twe-BB	SAT	183	unknown	1199.984	1	65612652	27279374	39226	2431	18118
ash608GPIA	dsp3_min	clingo550twe-usc	SAT	191	unknown	1199.981	1	21203859	13639345	22986	2431	18118
ash958GPIA	dsp1_min	clingo550twe-BB	SAT	249	unknown	1199.986	1	54475055	21567107	31737	3832	1916
ash958GPIA	dsp1_min	clingo550twe-usc	SAT	288	unknown	1199.980	1	16454814	10087223	19351	3832	1916
ash958GPIA	dsp2_min	clingo550twe-BB	SAT	249	unknown	1199.970	1	54051422	21417523	31443	3832	1916
ash958GPIA	dsp2_min	clingo550twe-usc	SAT	288	unknown	1199.986	1	16483626	10105062	19351	3832	1916
ash958GPIA	dsp3_min	clingo550twe-BB	SAT	300	unknown	1199.985	1	48577825	18246348	28923	3831	28842
ash958GPIA	dsp3_min	clingo550twe-usc	SAT	295	unknown	1199.987	1	14711598	9297334	19746	3831	28842
david	dsp1_min	clingo550twe-BB	OPTIMUM	2	yes	0.005	0	191	65	1	174	87
david	dsp1_min	clingo550twe-usc	OPTIMUM	2	yes	0.005	0	6	3	0	174	87
david	dsp2_min	clingo550twe-BB	OPTIMUM	2	yes	0.006	0	191	65	1	174	87
david	dsp2_min	clingo550twe-usc	OPTIMUM	2	yes	0.005	0	6	3	0	174	87
david	dsp3_min	clingo550twe-BB	OPTIMUM	2	yes	0.005	0	213	73	1	164	966
david	dsp3_min	clingo550twe-usc	OPTIMUM	2	yes	0.006	0	6	3	0	164	966
DSJC1000.1	dsp1_min	clingo550twe-BB	SAT	37	unknown	1199.982	1	255331300	32900207	51709	2000	1000
DSJC1000.1	dsp1_min	clingo550twe-usc	SAT	40	unknown	1199.980	1	18308795	5928531	11894	2000	1000
DSJC1000.1	dsp2_min	clingo550twe-BB	SAT	37	unknown	1199.977	1	256156914	33007164	52051	2000	1000
DSJC1000.1	dsp2_min	clingo550twe-usc	SAT	40	unknown	1199.980	1	18271205	5918785	11862	2000	1000
DSJC1000.1	dsp3_min	clingo550twe-BB	SAT	38	unknown	1199.965	1	215894803	28149795	42223	2000	101258
DSJC1000.1	dsp3_min	clingo550twe-usc	SAT	38	unknown	1199.975	1	17609180	6479371	13039	2000	101258
DSJC1000.5	dsp1_min	clingo550twe-BB	SAT	7	unknown	1199.986	1	85611558	23283808	45051	2000	1000
DSJC1000.5	dsp1_min	clingo550twe-usc	SAT	9	unknown	1199.986	1	10936335	3122152	6950	2000	1000
DSJC1000.5	dsp2_min	clingo550twe-BB	SAT	7	unknown	1199.980	1	84476495	22995917	44412	2000	1000
DSJC1000.5	dsp2_min	clingo550twe-usc	SAT	9	unknown	1199.987	1	10913972	3118242	6929	2000	1000
DSJC1000.5	dsp3_min	clingo550twe-BB	SAT	7	unknown	1199.980	1	77388798	21217103	40246	2000	501652
DSJC1000.5	dsp3_min	clingo550twe-usc	SAT	9	unknown	1199.977	1	10813881	3029530	7129	2000	501652
DSJC1000.9	dsp1_min	clingo550twe-BB	OPTIMUM	2	yes	28.874	0	1777438	403009	1037	2000	1000
DSJC1000.9	dsp1_min	clingo550twe-usc	OPTIMUM	2	yes	15.151	0	153289	28663	129	2000	1000
DSJC1000.9	dsp2_min	clingo550twe-BB	OPTIMUM	2	yes	29.304	0	1777438	403009	1037	2000	1000
DSJC1000.9	dsp2_min	clingo550twe-usc	OPTIMUM	2	yes	15.633	0	153289	28663	129	2000	1000
DSJC1000.9	dsp3_min	clingo550twe-BB	OPTIMUM	2	yes	23.496	0	1433375	290107	890	2000	900898
DSJC1000.9	dsp3_min	clingo550twe-usc	OPTIMUM	2	yes	10.795	0	80738	16875	63	2000	900898
DSJC125.1	dsp1_min	clingo550twe-BB	SAT	15	unknown	1199.984	1	208465292	134416139	196604	250	125
DSJC125.1	dsp1_min	clingo550twe-usc	SAT	22	unknown	1199.968	1	15003453	13636382	26793	250	125
DSJC125.1	dsp2_min	clingo550twe-BB	SAT	15	unknown	1199.974	1	208116239	134147216	196604	250	125
DSJC125.1	dsp2_min	clingo550twe-usc	SAT	22	unknown	1199.981	1	14981581	13615822	26793	250	125
DSJC125.1	dsp3_min	clingo550twe-BB	SAT	15	unknown	1199.984	1	182119114	116785767	165947	250	1722
DSJC125.1	dsp3_min	clingo550twe-usc	SAT	24	unknown	1199.985	1	13803308	12671029	24601	250	1722
DSJC125.5	dsp1_min	clingo550twe-BB	OPTIMUM	4	yes	2.279	0	228544	226949	736	250	125
DSJC125.5	dsp1_min	clingo550twe-usc	OPTIMUM	4	yes	1.626	0	33365	32266	141	250	125
DSJC125.5	dsp2_min	clingo550twe-BB	OPTIMUM	4	yes	2.287	0	228544	226949	736	250	125
DSJC125.5	dsp2_min	clingo550twe-usc	OPTIMUM	4	yes	1.638	0	33365	32266	141	250	125
DSJC125.5	dsp3_min	clingo550twe-BB	OPTIMUM	4	yes	2.339	0	223152	221600	736	250	8032
DSJC125.5	dsp3_min	clingo550twe-usc	OPTIMUM	4	yes	1.752	0	33255	32101	136	250	8032
DSJC125.9	dsp1_min	clingo550twe-BB	OPTIMUM	2	yes	0.049	0	125	123	0	250	125
DSJC125.9	dsp1_min	clingo550twe-usc	OPTIMUM	2	yes	0.051	0	221	108	1	250	125
DSJC125.9	dsp2_min	clingo550twe-BB	OPTIMUM	2	yes	0.057	0	125	123	0	250	125
DSJC125.9	dsp2_min	clingo550twe-usc	OPTIMUM	2	yes	0.060	0	221	108	1	250	125
DSJC125.9	dsp3_min	clingo550twe-BB	OPTIMUM	2	yes	0.059	0	240	175	2	250	14172
DSJC125.9	dsp3_min	clingo550twe-usc	OPTIMUM	2	yes	0.058	0	213	107	0	250	14172
DSJC250.1	dsp1_min	clingo550twe-BB	SAT	20	unknown	1199.979	1	211901807	78926192	122873	500	250
DSJC250.1	dsp1_min	clingo550twe-usc	SAT	27	unknown	1199.979	1	24423929	15458604	25649	500	250
DSJC250.1	dsp2_min	clingo550twe-BB	SAT	20	unknown	1199.978	1	211491555	78765974	122871	500	250
DSJC250.1	dsp2_min	clingo550twe-usc	SAT	27	unknown	1199.983	1	24424057	15458669	25649	500	250
DSJC250.1	dsp3_min	clingo550twe-BB	SAT	27	unknown	1199.988	1	179733103	68099345	122875	500	6936
DSJC250.1	dsp3_min	clingo550twe-usc	SAT	27	unknown	1199.989	1	25263946	16360855	26486	500	6936
DSJC250.5	dsp1_min	clingo550twe-BB	OPTIMUM	4	yes	292.105	0	27101073	16251351	32766	500	250
DSJC250.5	dsp1_min	clingo550twe-usc	OPTIMUM	4	yes	806.317	0	15660418	8909223	17542	500	250
DSJC250.5	dsp2_min	clingo550twe-BB	OPTIMUM	4	yes	291.058	0	27101073	16251351	32766	500	250
DSJC250.5	dsp2_min	clingo550twe-usc	OPTIMUM	4	yes	804.536	0	15660418	8909223	17542	500	250
DSJC250.5	dsp3_min	clingo550twe-BB	OPTIMUM	4	yes	300.083	0	26196755	15834245	32766	500	31836
DSJC250.5	dsp3_min	clingo550twe-usc	OPTIMUM	4	yes	923.419	0	18445732	10419666	21048	500	31836
DSJC250.9	dsp1_min	clingo550twe-BB	OPTIMUM	2	yes	0.198	0	523	368	4	500	250
DSJC250.9	dsp1_min	clingo550twe-usc	OPTIMUM	2	yes	0.202	0	680	241	2	500	250
DSJC250.9	dsp2_min	clingo550twe-BB	OPTIMUM	2	yes	0.225	0	523	368	4	500	250
DSJC250.9	dsp2_min	clingo550twe-usc	OPTIMUM	2	yes	0.226	0	680	241	2	500	250
DSJC250.9	dsp3_min	clingo550twe-BB	OPTIMUM	2	yes	0.225	0	2142	785	6	500	56294
DSJC250.9	dsp3_min	clingo550twe-usc	OPTIMUM	2	yes	0.228	0	699	233	1	500	56294
DSJC500.1	dsp1_min	clingo550twe-BB	SAT	31	unknown	1199.988	1	214557532	53105770	91258	1000	500
DSJC500.1	dsp1_min	clingo550twe-usc	SAT	33	unknown	1199.989	1	21325023	9723489	18064	1000	500
DSJC500.1	dsp2_min	clingo550twe-BB	SAT	31	unknown	1199.969	1	213843198	52924420	90820	1000	500
DSJC500.1	dsp2_min	clingo550twe-usc	SAT	33	unknown	1199.977	1	21231210	9686279	17958	1000	500
DSJC500.1	dsp3_min	clingo550twe-BB	SAT	31	unknown	1199.975	1	188813860	46506037	78869	1000	25916
DSJC500.1	dsp3_min	clingo550twe-usc	SAT	34	unknown	1199.989	1	21600523	9718439	18261	1000	25916
DSJC500.5	dsp1_min	clingo550twe-BB	SAT	6	unknown	1199.993	1	82705546	35990580	65532	1000	500
DSJC500.5	dsp1_min	clingo550twe-usc	SAT	7	unknown	1199.982	1	20540888	8811322	17000	1000	500
DSJC500.5	dsp2_min	clingo550twe-BB	SAT	6	unknown	1199.987	1	82924065	36141272	65532	1000	500
DSJC500.5	dsp2_min	clingo550twe-usc	SAT	7	unknown	1199.987	1	20455297	8764197	17000	1000	500
DSJC500.5	dsp3_min	clingo550twe-BB	SAT	6	unknown	1199.993	1	76853078	33396006	60885	1000	126248
DSJC500.5	dsp3_min	clingo550twe-usc	SAT	8	unknown	1199.993	1	19927546	8436491	16851	1000	126248
DSJC500.9	dsp1_min	clingo550twe-BB	OPTIMUM	2	yes	0.801	0	11485	2574	14	1000	500
DSJC500.9	dsp1_min	clingo550twe-usc	OPTIMUM	2	yes	0.859	0	2384	653	5	1000	500
DSJC500.9	dsp2_min	clingo550twe-BB	OPTIMUM	2	yes	0.924	0	11485	2574	14	1000	500
DSJC500.9	dsp2_min	clingo550twe-usc	OPTIMUM	2	yes	0.977	0	2384	653	5	1000	500
DSJC500.9	dsp3_min	clingo550twe-BB	OPTIMUM	2	yes	1.045	0	18093	5444	24	1000	225874
DSJC500.9	dsp3_min	clingo550twe-usc	OPTIMUM	2	yes	0.895	0	1441	457	1	1000	225874
DSJR500.1	dsp1_min	clingo550twe-BB	SAT	53	unknown	1199.973	1	149832158	65859403	104055	1000	500
DSJR500.1	dsp1_min	clingo550twe-usc	OPTIMUM	38	yes	2.567	0	147166	56269	251	1000	500
DSJR500.1	dsp2_min	clingo550twe-BB	SAT	53	unknown	1199.979	1	150127466	65997438	104441	1000	500
DSJR500.1	dsp2_min	clingo550twe-usc	OPTIMUM	38	yes	2.555	0	147166	56269	251	1000	500
DSJR500.1	dsp3_min	clingo550twe-BB	SAT	56	unknown	1199.986	1	126464610	59767067	96250	1000	8110
DSJR500.1	dsp3_min	clingo550twe-usc	OPTIMUM	38	yes	17.900	0	583948	258599	708	1000	8110
DSJR500.1c	dsp1_min	clingo550twe-BB	OPTIMUM	2	yes	0.800	0	518	516	0	1000	500
DSJR500.1c	dsp1_min	clingo550twe-usc	OPTIMUM	2	yes	0.882	0	1013	489	1	1000	500
DSJR500.1c	dsp2_min	clingo550twe-BB	OPTIMUM	2	yes	0.925	0	518	516	0	1000	500
DSJR500.1c	dsp2_min	clingo550twe-usc	OPTIMUM	2	yes	1.005	0	1013	489	1	1000	500
DSJR500.1c	dsp3_min	clingo550twe-BB	OPTIMUM	2	yes	0.953	0	523	498	0	1000	243550
DSJR500.1c	dsp3_min	clingo550twe-usc	OPTIMUM	2	yes	0.972	0	1011	490	1	1000	243550
DSJR500.5	dsp1_min	clingo550twe-BB	OPTIMUM	3	yes	9.910	0	2839245	569545	1540	1000	500
DSJR500.5	dsp1_min	clingo550twe-usc	OPTIMUM	3	yes	0.391	0	2686	280	2	1000	500
DSJR500.5	dsp2_min	clingo550twe-BB	OPTIMUM	3	yes	9.978	0	2839245	569545	1540	1000	500
DSJR500.5	dsp2_min	clingo550twe-usc	OPTIMUM	3	yes	0.460	0	2686	280	2	1000	500
DSJR500.5	dsp3_min	clingo550twe-BB	OPTIMUM	3	yes	14.043	0	3461735	739721	2045	1000	118724
DSJR500.5	dsp3_min	clingo550twe-usc	OPTIMUM	3	yes	0.466	0	921	113	1	1000	118724
games120	dsp1_min	clingo550twe-BB	SAT	13	unknown	1199.974	1	211561074	135541097	190457	240	120
games120	dsp1_min	clingo550twe-usc	OPTIMUM	13	yes	63.884	0	1039814	977181	2570	240	120
games120	dsp2_min	clingo550twe-BB	SAT	13	unknown	1199.974	1	211168089	135318720	190003	240	120
games120	dsp2_min	clingo550twe-usc	OPTIMUM	13	yes	64.141	0	1039814	977181	2570	240	120
games120	dsp3_min	clingo550twe-BB	SAT	13	unknown	1199.972	1	184173559	118195268	163731	240	1516
games120	dsp3_min	clingo550twe-usc	OPTIMUM	13	yes	11.445	0	261585	242456	819	240	1516
grid200x200	dsp1_min	clingo550twe-BB	SAT	10922	unknown	1199.981	1	28100789	1172046	2409	80000	40000
grid200x200	dsp1_min	clingo550twe-usc	SAT	13309	unknown	1199.985	1	19613870	13606030	35264	80000	40000
grid200x200	dsp2_min	clingo550twe-BB	SAT	10922	unknown	1199.987	1	27943456	1169307	2395	80000	40000
grid200x200	dsp2_min	clingo550twe-usc	SAT	13309	unknown	1199.988	1	19595403	13592257	35260	80000	40000
grid200x200	dsp3_min	clingo550twe-BB	SAT	13810	unknown	1199.991	1	33365290	1109465	2301	80000	239200
grid200x200	dsp3_min	clingo550twe-usc	SAT	13303	unknown	1199.983	1	18077076	12228312	29507	80000	239200
hc-power-004-002	dsp1_min	clingo550twe-BB	SAT	18	unknown	1199.985	1	142951681	118827512	196605	128	64
hc-power-004-002	dsp1_min	clingo550twe-usc	OPTIMUM	18	yes	0.002	0	158	51	0	128	64
hc-power-004-002	dsp2_min	clingo550twe-BB	SAT	18	unknown	1199.975	1	142883574	118774220	196605	128	64
hc-power-004-002	dsp2_min	clingo550twe-usc	OPTIMUM	18	yes	0.003	0	158	51	0	128	64
hc-power-004-002	dsp3_min	clingo550twe-BB	SAT	18	unknown	1199.984	1	134245399	111183915	194610	128	318
hc-power-004-002	dsp3_min	clingo550twe-usc	OPTIMUM	18	yes	0.003	0	177	62	0	128	318
hc-power-005-002	dsp1_min	clingo550twe-BB	SAT	22	unknown	1199.972	1	150132393	125158347	216564	158	79
hc-power-005-002	dsp1_min	clingo550twe-usc	OPTIMUM	22	yes	0.003	0	149	53	0	158	79
hc-power-005-002	dsp2_min	clingo550twe-BB	SAT	22	unknown	1199.976	1	150210803	125223674	216695	158	79
hc-power-005-002	dsp2_min	clingo550twe-usc	OPTIMUM	22	yes	0.003	0	149	53	0	158	79
hc-power-005-002	dsp3_min	clingo550twe-BB	SAT	22	unknown	1199.976	1	138850594	115702185	196605	158	394
hc-power-005-002	dsp3_min	clingo550twe-usc	OPTIMUM	22	yes	0.003	0	143	57	0	158	394
hc-power-006-002	dsp1_min	clingo550twe-BB	SAT	26	unknown	1199.981	1	154369648	128184339	218358	188	94
hc-power-006-002	dsp1_min	clingo550twe-usc	OPTIMUM	26	yes	0.003	0	255	80	0	188	94
hc-power-006-002	dsp2_min	clingo550twe-BB	SAT	26	unknown	1199.963	1	154070762	127945884	217683	188	94
hc-power-006-002	dsp2_min	clingo550twe-usc	OPTIMUM	26	yes	0.004	0	255	80	0	188	94
hc-power-006-002	dsp3_min	clingo550twe-BB	SAT	26	unknown	1199.957	1	141952320	117857785	196605	188	470
hc-power-006-002	dsp3_min	clingo550twe-usc	OPTIMUM	26	yes	0.004	0	156	60	0	188	470
hc-power-007-002	dsp1_min	clingo550twe-BB	SAT	30	unknown	1199.981	1	155093765	128022695	219129	218	109
hc-power-007-002	dsp1_min	clingo550twe-usc	OPTIMUM	30	yes	0.003	0	271	109	0	218	109
hc-power-007-002	dsp2_min	clingo550twe-BB	SAT	30	unknown	1199.973	1	155681983	128493864	220231	218	109
hc-power-007-002	dsp2_min	clingo550twe-usc	OPTIMUM	30	yes	0.004	0	271	109	0	218	109
hc-power-007-002	dsp3_min	clingo550twe-BB	SAT	30	unknown	1199.979	1	142969034	118175404	197959	218	546
hc-power-007-002	dsp3_min	clingo550twe-usc	OPTIMUM	30	yes	0.004	0	424	134	1	218	546
hc-power-008-002	dsp1_min	clingo550twe-BB	SAT	34	unknown	1199.981	1	156552053	128156007	221177	248	124
hc-power-008-002	dsp1_min	clingo550twe-usc	OPTIMUM	34	yes	0.004	0	435	151	1	248	124
hc-power-008-002	dsp2_min	clingo550twe-BB	SAT	34	unknown	1199.975	1	156422574	128046659	221064	248	124
hc-power-008-002	dsp2_min	clingo550twe-usc	OPTIMUM	34	yes	0.005	0	435	151	1	248	124
hc-power-008-002	dsp3_min	clingo550twe-BB	SAT	35	unknown	1199.985	1	144158150	118104319	198518	248	622
hc-power-008-002	dsp3_min	clingo550twe-usc	OPTIMUM	34	yes	0.005	0	377	105	0	248	622
hc-power-009-002	dsp1_min	clingo550twe-BB	SAT	39	unknown	1199.986	1	156873364	127173972	218680	278	139
hc-power-009-002	dsp1_min	clingo550twe-usc	OPTIMUM	38	yes	0.004	0	590	156	1	278	139
hc-power-009-002	dsp2_min	clingo550twe-BB	SAT	39	unknown	1199.970	1	156611633	126975394	218106	278	139
hc-power-009-002	dsp2_min	clingo550twe-usc	OPTIMUM	38	yes	0.005	0	590	156	1	278	139
hc-power-009-002	dsp3_min	clingo550twe-BB	SAT	40	unknown	1199.980	1	144459435	116811038	196604	278	698
hc-power-009-002	dsp3_min	clingo550twe-usc	OPTIMUM	38	yes	0.006	0	644	203	1	278	698
hc-power-010-002	dsp1_min	clingo550twe-BB	SAT	43	unknown	1199.981	1	156535561	125592140	219641	308	154
hc-power-010-002	dsp1_min	clingo550twe-usc	OPTIMUM	42	yes	0.005	0	638	159	1	308	154
hc-power-010-002	dsp2_min	clingo550twe-BB	SAT	43	unknown	1199.982	1	156551823	125607114	219641	308	154
hc-power-010-002	dsp2_min	clingo550twe-usc	OPTIMUM	42	yes	0.006	0	638	159	1	308	154
hc-power-010-002	dsp3_min	clingo550twe-BB	SAT	44	unknown	1199.981	1	144603384	115781761	196605	308	774
hc-power-010-002	dsp3_min	clingo550twe-usc	OPTIMUM	42	yes	0.006	0	578	166	1	308	774
hc-power-011-002	dsp1_min	clingo550twe-BB	SAT	48	unknown	1199.975	1	155499722	123226639	212988	338	169
hc-power-011-002	dsp1_min	clingo550twe-usc	OPTIMUM	46	yes	0.005	0	665	177	0	338	169
hc-power-011-002	dsp2_min	clingo550twe-BB	SAT	48	unknown	1199.980	1	155429814	123160076	212988	338	169
hc-power-011-002	dsp2_min	clingo550twe-usc	OPTIMUM	46	yes	0.006	0	665	177	0	338	169
hc-power-011-002	dsp3_min	clingo550twe-BB	SAT	48	unknown	1199.976	1	144032731	114070090	196602	338	850
hc-power-011-002	dsp3_min	clingo550twe-usc	OPTIMUM	46	yes	0.007	0	785	223	2	338	850
hc-power-012-002	dsp1_min	clingo550twe-BB	SAT	53	unknown	1199.975	1	154479753	121197396	211148	368	184
hc-power-012-002	dsp1_min	clingo550twe-usc	OPTIMUM	50	yes	0.006	0	732	216	0	368	184
hc-power-012-002	dsp2_min	clingo550twe-BB	SAT	53	unknown	1199.973	1	154567922	121259256	211344	368	184
hc-power-012-002	dsp2_min	clingo550twe-usc	OPTIMUM	50	yes	0.007	0	732	216	0	368	184
hc-power-012-002	dsp3_min	clingo550twe-BB	SAT	53	unknown	1199.979	1	142855750	111707011	191477	368	926
hc-power-012-002	dsp3_min	clingo550twe-usc	OPTIMUM	50	yes	0.007	0	693	174	1	368	926
hc-power-013-002	dsp1_min	clingo550twe-BB	SAT	58	unknown	1199.967	1	152546040	118124835	204795	398	199
hc-power-013-002	dsp1_min	clingo550twe-usc	OPTIMUM	54	yes	0.006	0	805	235	2	398	199
hc-power-013-002	dsp2_min	clingo550twe-BB	SAT	58	unknown	1199.980	1	152675843	118247594	204795	398	199
hc-power-013-002	dsp2_min	clingo550twe-usc	OPTIMUM	54	yes	0.007	0	805	235	2	398	199
hc-power-013-002	dsp3_min	clingo550twe-BB	SAT	58	unknown	1199.982	1	139107657	108363925	179063	398	1002
hc-power-013-002	dsp3_min	clingo550twe-usc	OPTIMUM	54	yes	0.007	0	745	212	1	398	1002
hc-power-014-002	dsp1_min	clingo550twe-BB	SAT	62	unknown	1199.978	1	149368280	115204609	196605	428	214
hc-power-014-002	dsp1_min	clingo550twe-usc	OPTIMUM	58	yes	0.007	0	1031	326	3	428	214
hc-power-014-002	dsp2_min	clingo550twe-BB	SAT	62	unknown	1199.973	1	149136243	114984717	196605	428	214
hc-power-014-002	dsp2_min	clingo550twe-usc	OPTIMUM	58	yes	0.008	0	1031	326	3	428	214
hc-power-014-002	dsp3_min	clingo550twe-BB	SAT	62	unknown	1199.982	1	138515121	106910971	180220	428	1078
hc-power-014-002	dsp3_min	clingo550twe-usc	OPTIMUM	58	yes	0.008	0	1092	316	2	428	1078
hc-power-015-002	dsp1_min	clingo550twe-BB	SAT	66	unknown	1199.979	1	149014544	113216362	196605	458	229
hc-power-015-002	dsp1_min	clingo550twe-usc	OPTIMUM	62	yes	0.006	0	888	208	1	458	229
hc-power-015-002	dsp2_min	clingo550twe-BB	SAT	66	unknown	1199.973	1	148482207	112747349	196605	458	229
hc-power-015-002	dsp2_min	clingo550twe-usc	OPTIMUM	62	yes	0.008	0	888	208	1	458	229
hc-power-015-002	dsp3_min	clingo550twe-BB	SAT	67	unknown	1199.980	1	138136128	105313219	180219	458	1154
hc-power-015-002	dsp3_min	clingo550twe-usc	OPTIMUM	62	yes	0.009	0	1333	359	2	458	1154
hc-power-016-002	dsp1_min	clingo550twe-BB	SAT	71	unknown	1199.981	1	148918772	111634242	196600	488	244
hc-power-016-002	dsp1_min	clingo550twe-usc	OPTIMUM	66	yes	0.007	0	1272	288	2	488	244
hc-power-016-002	dsp2_min	clingo550twe-BB	SAT	71	unknown	1199.980	1	148952254	111664321	196601	488	244
hc-power-016-002	dsp2_min	clingo550twe-usc	OPTIMUM	66	yes	0.008	0	1272	288	2	488	244
hc-power-016-002	dsp3_min	clingo550twe-BB	SAT	71	unknown	1199.975	1	136940983	103422677	179063	488	1230
hc-power-016-002	dsp3_min	clingo550twe-usc	OPTIMUM	66	yes	0.009	0	1423	309	2	488	1230
hc-power-017-002	dsp1_min	clingo550twe-BB	SAT	79	unknown	1199.970	1	119672201	78470031	122875	518	259
hc-power-017-002	dsp1_min	clingo550twe-usc	OPTIMUM	70	yes	0.008	0	1210	289	2	518	259
hc-power-017-002	dsp2_min	clingo550twe-BB	SAT	79	unknown	1199.975	1	119426165	78297192	122875	518	259
hc-power-017-002	dsp2_min	clingo550twe-usc	OPTIMUM	70	yes	0.009	0	1210	289	2	518	259
hc-power-017-002	dsp3_min	clingo550twe-BB	SAT	74	unknown	1199.975	1	115709013	75502231	121912	518	1306
hc-power-017-002	dsp3_min	clingo550twe-usc	OPTIMUM	70	yes	0.010	0	1244	358	2	518	1306
hc-power-018-002	dsp1_min	clingo550twe-BB	SAT	79	unknown	1199.982	1	125961948	82328175	131065	548	274
hc-power-018-002	dsp1_min	clingo550twe-usc	OPTIMUM	74	yes	0.008	0	1226	296	2	548	274
hc-power-018-002	dsp2_min	clingo550twe-BB	SAT	79	unknown	1199.971	1	125791564	82210436	131065	548	274
hc-power-018-002	dsp2_min	clingo550twe-usc	OPTIMUM	74	yes	0.010	0	1226	296	2	548	274
hc-power-018-002	dsp3_min	clingo550twe-BB	SAT	79	unknown	1199.981	1	113459571	73034318	120532	548	1382
hc-power-018-002	dsp3_min	clingo550twe-usc	OPTIMUM	74	yes	0.011	0	1611	415	2	548	1382
hc-power-019-002	dsp1_min	clingo550twe-BB	SAT	85	unknown	1199.977	1	115615157	76247741	119801	578	289
hc-power-019-002	dsp1_min	clingo550twe-usc	OPTIMUM	78	yes	0.009	0	1604	363	2	578	289
hc-power-019-002	dsp2_min	clingo550twe-BB	SAT	85	unknown	1199.972	1	115453510	76143614	119565	578	289
hc-power-019-002	dsp2_min	clingo550twe-usc	OPTIMUM	78	yes	0.011	0	1604	363	2	578	289
hc-power-019-002	dsp3_min	clingo550twe-BB	SAT	84	unknown	1199.980	1	105828838	68666983	111824	578	1458
hc-power-019-002	dsp3_min	clingo550twe-usc	OPTIMUM	78	yes	0.011	0	1598	361	2	578	1458
hc-power-020-002	dsp1_min	clingo550twe-BB	SAT	90	unknown	1199.978	1	115704578	73063749	112854	608	304
hc-power-020-002	dsp1_min	clingo550twe-usc	OPTIMUM	82	yes	0.009	0	1660	408	2	608	304
hc-power-020-002	dsp2_min	clingo550twe-BB	SAT	90	unknown	1199.985	1	115240243	72768082	112373	608	304
hc-power-020-002	dsp2_min	clingo550twe-usc	OPTIMUM	82	yes	0.010	0	1660	408	2	608	304
hc-power-020-002	dsp3_min	clingo550twe-BB	SAT	88	unknown	1199.983	1	101911481	66670397	107513	608	1534
hc-power-020-002	dsp3_min	clingo550twe-usc	OPTIMUM	82	yes	0.011	0	1671	431	2	608	1534
hc-square-004-002	dsp1_min	clingo550twe-BB	OPTIMUM	12	yes	7.197	0	1403932	1141053	3069	88	44
hc-square-004-002	dsp1_min	clingo550twe-usc	OPTIMUM	12	yes	0.002	0	86	50	0	88	44
hc-square-004-002	dsp2_min	clingo550twe-BB	OPTIMUM	12	yes	7.157	0	1403932	1141053	3069	88	44
hc-square-004-002	dsp2_min	clingo550twe-usc	OPTIMUM	12	yes	0.002	0	86	50	0	88	44
hc-square-004-002	dsp3_min	clingo550twe-BB	OPTIMUM	12	yes	8.114	0	1437555	1174488	3091	88	214
hc-square-004-002	dsp3_min	clingo550twe-usc	OPTIMUM	12	yes	0.002	0	91	42	0	88	214
hc-square-005-002	dsp1_min	clingo550twe-BB	OPTIMUM	15	yes	727.714	0	76156840	62495239	114684	108	54
hc-square-005-002	dsp1_min	clingo550twe-usc	OPTIMUM	15	yes	0.002	0	135	74	0	108	54
hc-square-005-002	dsp2_min	clingo550twe-BB	OPTIMUM	15	yes	724.911	0	76156840	62495239	114684	108	54
hc-square-005-002	dsp2_min	clingo550twe-usc	OPTIMUM	15	yes	0.002	0	135	74	0	108	54
hc-square-005-002	dsp3_min	clingo550twe-BB	OPTIMUM	15	yes	532.274	0	57624866	47015737	86010	108	264
hc-square-005-002	dsp3_min	clingo550twe-usc	OPTIMUM	15	yes	0.002	0	108	56	0	108	264
hc-square-006-002	dsp1_min	clingo550twe-BB	SAT	18	unknown	1199.975	1	143968740	119197211	204795	128	64
hc-square-006-002	dsp1_min	clingo550twe-usc	OPTIMUM	18	yes	0.002	0	186	89	0	128	64
hc-square-006-002	dsp2_min	clingo550twe-BB	SAT	18	unknown	1199.970	1	143967253	119195955	204795	128	64
hc-square-006-002	dsp2_min	clingo550twe-usc	OPTIMUM	18	yes	0.003	0	186	89	0	128	64
hc-square-006-002	dsp3_min	clingo550twe-BB	SAT	18	unknown	1199.984	1	135308387	111519816	193911	128	314
hc-square-006-002	dsp3_min	clingo550twe-usc	OPTIMUM	18	yes	0.003	0	145	81	0	128	314
hc-square-007-002	dsp1_min	clingo550twe-BB	SAT	20	unknown	1199.977	1	147365353	122180260	207093	148	74
hc-square-007-002	dsp1_min	clingo550twe-usc	OPTIMUM	20	yes	0.003	0	140	78	0	148	74
hc-square-007-002	dsp2_min	clingo550twe-BB	SAT	20	unknown	1199.967	1	147393826	122203979	207143	148	74
hc-square-007-002	dsp2_min	clingo550twe-usc	OPTIMUM	20	yes	0.003	0	140	78	0	148	74
hc-square-007-002	dsp3_min	clingo550twe-BB	SAT	20	unknown	1199.970	1	137726291	113548585	196604	148	364
hc-square-007-002	dsp3_min	clingo550twe-usc	OPTIMUM	20	yes	0.003	0	156	79	0	148	364
hc-square-008-002	dsp1_min	clingo550twe-BB	SAT	23	unknown	1199.974	1	150593760	124946255	212988	168	84
hc-square-008-002	dsp1_min	clingo550twe-usc	OPTIMUM	23	yes	0.003	0	233	128	1	168	84
hc-square-008-002	dsp2_min	clingo550twe-BB	SAT	23	unknown	1199.978	1	150277050	124674227	212988	168	84
hc-square-008-002	dsp2_min	clingo550twe-usc	OPTIMUM	23	yes	0.004	0	233	128	1	168	84
hc-square-008-002	dsp3_min	clingo550twe-BB	SAT	23	unknown	1199.979	1	140458446	116633341	196605	168	414
hc-square-008-002	dsp3_min	clingo550twe-usc	OPTIMUM	23	yes	0.005	0	350	203	1	168	414
hc-square-009-002	dsp1_min	clingo550twe-BB	SAT	26	unknown	1199.970	1	153605903	127261961	217079	188	94
hc-square-009-002	dsp1_min	clingo550twe-usc	OPTIMUM	26	yes	0.006	0	515	416	3	188	94
hc-square-009-002	dsp2_min	clingo550twe-BB	SAT	26	unknown	1199.980	1	154150753	127735046	217594	188	94
hc-square-009-002	dsp2_min	clingo550twe-usc	OPTIMUM	26	yes	0.007	0	515	416	3	188	94
hc-square-009-002	dsp3_min	clingo550twe-BB	SAT	26	unknown	1199.978	1	142571516	117632452	196605	188	464
hc-square-009-002	dsp3_min	clingo550twe-usc	OPTIMUM	26	yes	0.005	0	427	279	2	188	464
hc-square-010-002	dsp1_min	clingo550twe-BB	SAT	29	unknown	1199.959	1	154922039	127992729	217083	208	104
hc-square-010-002	dsp1_min	clingo550twe-usc	OPTIMUM	28	yes	0.006	0	550	395	3	208	104
hc-square-010-002	dsp2_min	clingo550twe-BB	SAT	29	unknown	1199.973	1	154735336	127827274	217082	208	104
hc-square-010-002	dsp2_min	clingo550twe-usc	OPTIMUM	28	yes	0.007	0	550	395	3	208	104
hc-square-010-002	dsp3_min	clingo550twe-BB	SAT	29	unknown	1199.981	1	143764336	118214783	196605	208	514
hc-square-010-002	dsp3_min	clingo550twe-usc	OPTIMUM	28	yes	0.006	0	366	261	1	208	514
hc-square-011-002	dsp1_min	clingo550twe-BB	SAT	32	unknown	1199.969	1	155502033	127515918	217083	228	114
hc-square-011-002	dsp1_min	clingo550twe-usc	OPTIMUM	31	yes	0.013	0	1138	835	9	228	114
hc-square-011-002	dsp2_min	clingo550twe-BB	SAT	32	unknown	1199.973	1	155314222	127353041	217082	228	114
hc-square-011-002	dsp2_min	clingo550twe-usc	OPTIMUM	31	yes	0.014	0	1138	835	9	228	114
hc-square-011-002	dsp3_min	clingo550twe-BB	SAT	32	unknown	1199.982	1	146007211	119621669	204339	228	564
hc-square-011-002	dsp3_min	clingo550twe-usc	OPTIMUM	31	yes	0.014	0	1130	844	7	228	564
hc-square-012-002	dsp1_min	clingo550twe-BB	SAT	34	unknown	1199.973	1	154639265	126558207	211511	248	124
hc-square-012-002	dsp1_min	clingo550twe-usc	OPTIMUM	34	yes	0.008	0	682	425	4	248	124
hc-square-012-002	dsp2_min	clingo550twe-BB	SAT	34	unknown	1199.968	1	154546816	126485963	211320	248	124
hc-square-012-002	dsp2_min	clingo550twe-usc	OPTIMUM	34	yes	0.008	0	682	425	4	248	124
hc-square-012-002	dsp3_min	clingo550twe-BB	SAT	35	unknown	1199.975	1	144139271	117624265	196605	248	614
hc-square-012-002	dsp3_min	clingo550twe-usc	OPTIMUM	34	yes	0.008	0	663	434	4	248	614
hc-square-013-002	dsp1_min	clingo550twe-BB	SAT	38	unknown	1199.975	1	154199739	125167805	210160	268	134
hc-square-013-002	dsp1_min	clingo550twe-usc	OPTIMUM	36	yes	0.010	0	865	593	4	268	134
hc-square-013-002	dsp2_min	clingo550twe-BB	SAT	38	unknown	1199.975	1	155858818	126478754	212986	268	134
hc-square-013-002	dsp2_min	clingo550twe-usc	OPTIMUM	36	yes	0.011	0	865	593	4	268	134
hc-square-013-002	dsp3_min	clingo550twe-BB	SAT	38	unknown	1199.980	1	144319625	116792086	196604	268	664
hc-square-013-002	dsp3_min	clingo550twe-usc	OPTIMUM	36	yes	0.009	0	762	477	4	268	664
hc-square-014-002	dsp1_min	clingo550twe-BB	SAT	41	unknown	1199.969	1	155711754	125391978	217528	288	144
hc-square-014-002	dsp1_min	clingo550twe-usc	OPTIMUM	39	yes	0.010	0	965	623	5	288	144
hc-square-014-002	dsp2_min	clingo550twe-BB	SAT	41	unknown	1199.983	1	155952404	125569028	218101	288	144
hc-square-014-002	dsp2_min	clingo550twe-usc	OPTIMUM	39	yes	0.011	0	965	623	5	288	144
hc-square-014-002	dsp3_min	clingo550twe-BB	SAT	41	unknown	1199.974	1	145454635	117286043	196605	288	714
hc-square-014-002	dsp3_min	clingo550twe-usc	OPTIMUM	39	yes	0.020	0	1372	1016	10	288	714
hc-square-015-002	dsp1_min	clingo550twe-BB	SAT	44	unknown	1199.977	1	153975453	123330347	206840	308	154
hc-square-015-002	dsp1_min	clingo550twe-usc	OPTIMUM	42	yes	0.051	0	2899	2310	17	308	154
hc-square-015-002	dsp2_min	clingo550twe-BB	SAT	44	unknown	1199.981	1	154059179	123407214	206843	308	154
hc-square-015-002	dsp2_min	clingo550twe-usc	OPTIMUM	42	yes	0.052	0	2899	2310	17	308	154
hc-square-015-002	dsp3_min	clingo550twe-BB	SAT	44	unknown	1199.984	1	144729552	115910752	196605	308	764
hc-square-015-002	dsp3_min	clingo550twe-usc	OPTIMUM	42	yes	0.050	0	2659	2113	18	308	764
hc-square-016-002	dsp1_min	clingo550twe-BB	SAT	46	unknown	1199.981	1	154247088	122926044	210458	328	164
hc-square-016-002	dsp1_min	clingo550twe-usc	OPTIMUM	44	yes	0.022	0	1897	1291	10	328	164
hc-square-016-002	dsp2_min	clingo550twe-BB	SAT	46	unknown	1199.983	1	153812269	122597113	209594	328	164
hc-square-016-002	dsp2_min	clingo550twe-usc	OPTIMUM	44	yes	0.023	0	1897	1291	10	328	164
hc-square-016-002	dsp3_min	clingo550twe-BB	SAT	47	unknown	1199.980	1	145684002	115464355	196604	328	814
hc-square-016-002	dsp3_min	clingo550twe-usc	OPTIMUM	44	yes	0.020	0	1545	1022	9	328	814
hc-square-017-002	dsp1_min	clingo550twe-BB	SAT	49	unknown	1199.982	1	152601109	121408255	206841	348	174
hc-square-017-002	dsp1_min	clingo550twe-usc	OPTIMUM	47	yes	0.211	0	8326	6977	51	348	174
hc-square-017-002	dsp2_min	clingo550twe-BB	SAT	49	unknown	1199.975	1	152538056	121362210	206712	348	174
hc-square-017-002	dsp2_min	clingo550twe-usc	OPTIMUM	47	yes	0.212	0	8326	6977	51	348	174
hc-square-017-002	dsp3_min	clingo550twe-BB	SAT	49	unknown	1199.978	1	143692190	112920334	193229	348	864
hc-square-017-002	dsp3_min	clingo550twe-usc	OPTIMUM	47	yes	0.014	0	1270	772	6	348	864
hc-square-018-002	dsp1_min	clingo550twe-BB	SAT	53	unknown	1199.988	1	152071066	119479813	202918	368	184
hc-square-018-002	dsp1_min	clingo550twe-usc	OPTIMUM	50	yes	0.264	0	9433	7807	57	368	184
hc-square-018-002	dsp2_min	clingo550twe-BB	SAT	53	unknown	1199.979	1	152279397	119627635	203383	368	184
hc-square-018-002	dsp2_min	clingo550twe-usc	OPTIMUM	50	yes	0.267	0	9433	7807	57	368	184
hc-square-018-002	dsp3_min	clingo550twe-BB	SAT	53	unknown	1199.981	1	143387912	111975206	193222	368	914
hc-square-018-002	dsp3_min	clingo550twe-usc	OPTIMUM	50	yes	0.155	0	6060	4920	34	368	914
hc-square-019-002	dsp1_min	clingo550twe-BB	SAT	56	unknown	1199.976	1	151004760	117756481	202743	388	194
hc-square-019-002	dsp1_min	clingo550twe-usc	OPTIMUM	52	yes	0.205	0	8272	6822	41	388	194
hc-square-019-002	dsp2_min	clingo550twe-BB	SAT	56	unknown	1199.988	1	152286580	118728122	204795	388	194
hc-square-019-002	dsp2_min	clingo550twe-usc	OPTIMUM	52	yes	0.204	0	8272	6822	41	388	194
hc-square-019-002	dsp3_min	clingo550twe-BB	SAT	56	unknown	1199.984	1	139786669	108760488	182904	388	964
hc-square-019-002	dsp3_min	clingo550twe-usc	OPTIMUM	52	yes	0.057	0	3106	2378	21	388	964
hc-square-020-002	dsp1_min	clingo550twe-BB	SAT	59	unknown	1199.979	1	150257773	116823111	196605	408	204
hc-square-020-002	dsp1_min	clingo550twe-usc	OPTIMUM	55	yes	0.114	0	5746	4544	32	408	204
hc-square-020-002	dsp2_min	clingo550twe-BB	SAT	59	unknown	1199.984	1	150364890	116923937	196605	408	204
hc-square-020-002	dsp2_min	clingo550twe-usc	OPTIMUM	55	yes	0.116	0	5746	4544	32	408	204
hc-square-020-002	dsp3_min	clingo550twe-BB	SAT	59	unknown	1199.989	1	140146428	108724296	182266	408	1014
hc-square-020-002	dsp3_min	clingo550twe-usc	OPTIMUM	55	yes	0.062	0	3492	2590	24	408	1014
huck	dsp1_min	clingo550twe-BB	OPTIMUM	9	yes	0.008	0	2364	1462	12	148	74
huck	dsp1_min	clingo550twe-usc	OPTIMUM	9	yes	0.003	0	21	10	0	148	74
huck	dsp2_min	clingo550twe-BB	OPTIMUM	9	yes	0.009	0	2364	1462	12	148	74
huck	dsp2_min	clingo550twe-usc	OPTIMUM	9	yes	0.004	0	21	10	0	148	74
huck	dsp3_min	clingo550twe-BB	OPTIMUM	9	yes	0.013	0	3395	1766	13	141	735
huck	dsp3_min	clingo550twe-usc	OPTIMUM	9	yes	0.004	0	21	10	0	141	735
latin_square_10	dsp1_min	clingo550twe-BB	OPTIMUM	2	yes	3.018	0	111577	21019	93	1800	900
latin_square_10	dsp1_min	clingo550twe-usc	OPTIMUM	2	yes	2.497	0	4745	751	6	1800	900
latin_square_10	dsp2_min	clingo550twe-BB	OPTIMUM	2	yes	3.341	0	111577	21019	93	1800	900
latin_square_10	dsp2_min	clingo550twe-usc	OPTIMUM	2	yes	2.818	0	4745	751	6	1800	900
latin_square_10	dsp3_min	clingo550twe-BB	OPTIMUM	2	yes	3.148	0	72484	12117	61	1800	616500
latin_square_10	dsp3_min	clingo550twe-usc	OPTIMUM	2	yes	2.771	0	7423	940	7	1800	616500
le450_15a	dsp1_min	clingo550twe-BB	SAT	38	unknown	1199.976	1	187878162	62569998	91131	900	450
le450_15a	dsp1_min	clingo550twe-usc	SAT	42	unknown	1199.978	1	17715924	11736915	21703	900	450
le450_15a	dsp2_min	clingo550twe-BB	SAT	38	unknown	1199.976	1	188438155	62752570	91640	900	450
le450_15a	dsp2_min	clingo550twe-usc	SAT	42	unknown	1199.984	1	17749577	11759432	21768	900	450
le450_15a	dsp3_min	clingo550twe-BB	SAT	50	unknown	1199.983	1	165056475	52895561	82620	900	17236
le450_15a	dsp3_min	clingo550twe-usc	SAT	42	unknown	1199.981	1	18754558	11912378	21592	900	17236
le450_15b	dsp1_min	clingo550twe-BB	SAT	39	unknown	1199.977	1	185317137	62360898	95226	900	450
le450_15b	dsp1_min	clingo550twe-usc	SAT	47	unknown	1199.986	1	20804164	11556751	22230	900	450
le450_15b	dsp2_min	clingo550twe-BB	SAT	39	unknown	1199.975	1	185365852	62377198	95226	900	450
le450_15b	dsp2_min	clingo550twe-usc	SAT	47	unknown	1199.989	1	20848682	11583787	22231	900	450
le450_15b	dsp3_min	clingo550twe-BB	SAT	50	unknown	1199.984	1	155585752	51109349	82555	898	17234
le450_15b	dsp3_min	clingo550twe-usc	SAT	48	unknown	1199.989	1	20252774	10880027	19781	898	17234
le450_15c	dsp1_min	clingo550twe-BB	SAT	19	unknown	1199.981	1	218274080	59219627	108539	900	450
le450_15c	dsp1_min	clingo550twe-usc	SAT	22	unknown	1199.983	1	21542967	10404585	20566	900	450
le450_15c	dsp2_min	clingo550twe-BB	SAT	19	unknown	1199.976	1	219029870	59427291	109143	900	450
le450_15c	dsp2_min	clingo550twe-usc	SAT	22	unknown	1199.990	1	21583018	10429208	20566	900	450
le450_15c	dsp3_min	clingo550twe-BB	SAT	19	unknown	1199.983	1	189374124	50562011	91818	900	34260
le450_15c	dsp3_min	clingo550twe-usc	SAT	25	unknown	1199.986	1	20469451	9920256	18936	900	34260
le450_15d	dsp1_min	clingo550twe-BB	SAT	19	unknown	1199.982	1	220285132	59863579	108539	900	450
le450_15d	dsp1_min	clingo550twe-usc	SAT	21	unknown	1199.985	1	20145617	10513377	20600	900	450
le450_15d	dsp2_min	clingo550twe-BB	SAT	19	unknown	1199.970	1	220039177	59794917	108538	900	450
le450_15d	dsp2_min	clingo550twe-usc	SAT	21	unknown	1199.980	1	20122777	10499431	20599	900	450
le450_15d	dsp3_min	clingo550twe-BB	SAT	20	unknown	1199.985	1	189427237	51490309	93178	900	34400
le450_15d	dsp3_min	clingo550twe-usc	SAT	25	unknown	1199.985	1	18550732	9714277	18563	900	34400
le450_25a	dsp1_min	clingo550twe-BB	SAT	52	unknown	1199.980	1	160441801	65671392	102905	900	450
le450_25a	dsp1_min	clingo550twe-usc	OPTIMUM	35	yes	24.035	0	774245	391069	1070	900	450
le450_25a	dsp2_min	clingo550twe-BB	SAT	52	unknown	1199.983	1	159698295	65382074	102396	900	450
le450_25a	dsp2_min	clingo550twe-usc	OPTIMUM	35	yes	24.200	0	774245	391069	1070	900	450
le450_25a	dsp3_min	clingo550twe-BB	SAT	61	unknown	1199.975	1	158563459	54990372	89719	900	17420
le450_25a	dsp3_min	clingo550twe-usc	OPTIMUM	35	yes	23.890	0	668301	350090	939	900	17420
le450_25b	dsp1_min	clingo550twe-BB	SAT	42	unknown	1199.982	1	160343157	65216667	98300	900	450
le450_25b	dsp1_min	clingo550twe-usc	OPTIMUM	30	yes	621.162	0	10381582	6297435	12439	900	450
le450_25b	dsp2_min	clingo550twe-BB	SAT	42	unknown	1199.978	1	160070389	65094368	98300	900	450
le450_25b	dsp2_min	clingo550twe-usc	OPTIMUM	30	yes	620.463	0	10381582	6297435	12439	900	450
le450_25b	dsp3_min	clingo550twe-BB	SAT	51	unknown	1199.982	1	172503964	54086737	86011	900	17426
le450_25b	dsp3_min	clingo550twe-usc	OPTIMUM	30	yes	680.282	0	10441563	6704060	12432	900	17426
le450_25c	dsp1_min	clingo550twe-BB	SAT	20	unknown	1199.977	1	225392668	60463387	106491	900	450
le450_25c	dsp1_min	clingo550twe-usc	SAT	24	unknown	1199.985	1	22611190	12157665	22633	900	450
le450_25c	dsp2_min	clingo550twe-BB	SAT	20	unknown	1199.975	1	223473336	59964862	105486	900	450
le450_25c	dsp2_min	clingo550twe-usc	SAT	24	unknown	1199.984	1	22599263	12150415	22633	900	450
le450_25c	dsp3_min	clingo550twe-BB	SAT	20	unknown	1199.978	1	188719615	51589028	92023	900	35586
le450_25c	dsp3_min	clingo550twe-usc	SAT	24	unknown	1199.982	1	20304027	11239030	20946	900	35586
le450_25d	dsp1_min	clingo550twe-BB	SAT	20	unknown	1199.976	1	211345482	58844159	101626	900	450
le450_25d	dsp1_min	clingo550twe-usc	SAT	25	unknown	1199.985	1	20565026	10692233	20955	900	450
le450_25d	dsp2_min	clingo550twe-BB	SAT	20	unknown	1199.981	1	211029526	58755687	101371	900	450
le450_25d	dsp2_min	clingo550twe-usc	SAT	25	unknown	1199.981	1	20551274	10686200	20927	900	450
le450_25d	dsp3_min	clingo550twe-BB	SAT	23	unknown	1199.980	1	179705821	49404939	89531	900	35750
le450_25d	dsp3_min	clingo550twe-usc	SAT	29	unknown	1199.987	1	18477483	9930683	19362	900	35750
le450_5a	dsp1_min	clingo550twe-BB	SAT	42	unknown	1199.968	1	182448105	59626858	87417	900	450
le450_5a	dsp1_min	clingo550twe-usc	SAT	51	unknown	1199.984	1	18647965	9763895	19607	900	450
le450_5a	dsp2_min	clingo550twe-BB	SAT	42	unknown	1199.980	1	182814222	59749540	87711	900	450
le450_5a	dsp2_min	clingo550twe-usc	SAT	51	unknown	1199.983	1	18662398	9770174	19635	900	450
le450_5a	dsp3_min	clingo550twe-BB	SAT	53	unknown	1199.976	1	155777647	50531533	81917	900	12328
le450_5a	dsp3_min	clingo550twe-usc	SAT	52	unknown	1199.981	1	21322069	11699513	22871	900	12328
le450_5b	dsp1_min	clingo550twe-BB	SAT	40	unknown	1199.976	1	190322493	58882952	88062	900	450
le450_5b	dsp1_min	clingo550twe-usc	SAT	46	unknown	1199.987	1	18924193	10119324	20253	900	450
le450_5b	dsp2_min	clingo550twe-BB	SAT	40	unknown	1199.979	1	190116473	58810053	88058	900	450
le450_5b	dsp2_min	clingo550twe-usc	SAT	46	unknown	1199.981	1	18833833	10072699	20127	900	450
le450_5b	dsp3_min	clingo550twe-BB	SAT	48	unknown	1199.981	1	163924034	52548823	81914	900	12368
le450_5b	dsp3_min	clingo550twe-usc	SAT	47	unknown	1199.982	1	19649107	10822349	20722	900	12368
le450_5c	dsp1_min	clingo550twe-BB	SAT	28	unknown	1199.968	1	209085044	57796069	103128	900	450
le450_5c	dsp1_min	clingo550twe-usc	SAT	34	unknown	1199.988	1	20021234	10342626	20630	900	450
le450_5c	dsp2_min	clingo550twe-BB	SAT	28	unknown	1199.980	1	209387461	57880334	103405	900	450
le450_5c	dsp2_min	clingo550twe-usc	SAT	34	unknown	1199.985	1	20019713	10341764	20629	900	450
le450_5c	dsp3_min	clingo550twe-BB	SAT	28	unknown	1199.979	1	177979012	49939786	90108	900	20506
le450_5c	dsp3_min	clingo550twe-usc	SAT	33	unknown	1199.981	1	24073977	11375273	20954	900	20506
le450_5d	dsp1_min	clingo550twe-BB	SAT	28	unknown	1199.981	1	200887353	57122574	102396	900	450
le450_5d	dsp1_min	clingo550twe-usc	SAT	33	unknown	1199.982	1	24155926	11327210	23606	900	450
le450_5d	dsp2_min	clingo550twe-BB	SAT	28	unknown	1199.988	1	200840463	57109674	102396	900	450
le450_5d	dsp2_min	clingo550twe-usc	SAT	33	unknown	1199.986	1	24214609	11351814	23715	900	450
le450_5d	dsp3_min	clingo550twe-BB	SAT	30	unknown	1199.984	1	167981901	47834414	83964	900	20414
le450_5d	dsp3_min	clingo550twe-usc	SAT	37	unknown	1199.973	1	24958895	11919301	22662	900	20414
miles1000	dsp1_min	clingo550twe-BB	OPTIMUM	4	yes	0.174	0	27973	26245	114	256	128
miles1000	dsp1_min	clingo550twe-usc	OPTIMUM	4	yes	0.024	0	178	46	0	256	128
miles1000	dsp2_min	clingo550twe-BB	OPTIMUM	4	yes	0.177	0	27973	26245	114	256	128
miles1000	dsp2_min	clingo550twe-usc	OPTIMUM	4	yes	0.029	0	178	46	0	256	128
miles1000	dsp3_min	clingo550twe-BB	OPTIMUM	4	yes	0.210	0	26742	25451	113	256	6688
miles1000	dsp3_min	clingo550twe-usc	OPTIMUM	4	yes	0.029	0	161	40	0	256	6688
miles1500	dsp1_min	clingo550twe-BB	OPTIMUM	2	yes	0.038	0	233	126	1	256	128
miles1500	dsp1_min	clingo550twe-usc	OPTIMUM	2	yes	0.037	0	101	3	0	256	128
miles1500	dsp2_min	clingo550twe-BB	OPTIMUM	2	yes	0.045	0	233	126	1	256	128
miles1500	dsp2_min	clingo550twe-usc	OPTIMUM	2	yes	0.044	0	101	3	0	256	128
miles1500	dsp3_min	clingo550twe-BB	OPTIMUM	2	yes	0.046	0	318	146	1	256	10652
miles1500	dsp3_min	clingo550twe-usc	OPTIMUM	2	yes	0.044	0	198	3	0	256	10652
miles500	dsp1_min	clingo550twe-BB	OPTIMUM	9	yes	330.460	0	47352907	34881242	55486	256	128
miles500	dsp1_min	clingo550twe-usc	OPTIMUM	9	yes	0.010	0	134	22	0	256	128
miles500	dsp2_min	clingo550twe-BB	OPTIMUM	9	yes	330.355	0	47352907	34881242	55486	256	128
miles500	dsp2_min	clingo550twe-usc	OPTIMUM	9	yes	0.012	0	134	22	0	256	128
miles500	dsp3_min	clingo550twe-BB	OPTIMUM	9	yes	470.665	0	62244313	43048753	65533	256	2596
miles500	dsp3_min	clingo550twe-usc	OPTIMUM	9	yes	0.013	0	128	26	0	256	2596
miles750	dsp1_min	clingo550twe-BB	OPTIMUM	6	yes	4.734	0	860192	765077	1532	256	128
miles750	dsp1_min	clingo550twe-usc	OPTIMUM	6	yes	0.016	0	142	12	0	256	128
miles750	dsp2_min	clingo550twe-BB	OPTIMUM	6	yes	4.749	0	860192	765077	1532	256	128
miles750	dsp2_min	clingo550twe-usc	OPTIMUM	6	yes	0.019	0	142	12	0	256	128
miles750	dsp3_min	clingo550twe-BB	OPTIMUM	6	yes	9.109	0	1233101	1103376	2107	256	4482
miles750	dsp3_min	clingo550twe-usc	OPTIMUM	6	yes	0.020	0	137	9	0	256	4482
mug100_1	dsp1_min	clingo550twe-BB	SAT	24	unknown	1199.981	1	169559417	136324050	229371	200	100
mug100_1	dsp1_min	clingo550twe-usc	OPTIMUM	24	yes	0.003	0	176	67	0	200	100
mug100_1	dsp2_min	clingo550twe-BB	SAT	24	unknown	1199.987	1	169906150	136629312	229372	200	100
mug100_1	dsp2_min	clingo550twe-usc	OPTIMUM	24	yes	0.004	0	176	67	0	200	100
mug100_1	dsp3_min	clingo550twe-BB	SAT	24	unknown	1199.984	1	161199674	128176563	217081	200	532
mug100_1	dsp3_min	clingo550twe-usc	OPTIMUM	24	yes	0.004	0	167	68	0	200	532
mug100_25	dsp1_min	clingo550twe-BB	SAT	25	unknown	1199.980	1	167031590	135936206	229371	200	100
mug100_25	dsp1_min	clingo550twe-usc	OPTIMUM	25	yes	0.003	0	224	73	0	200	100
mug100_25	dsp2_min	clingo550twe-BB	SAT	25	unknown	1199.981	1	166895208	135812591	229370	200	100
mug100_25	dsp2_min	clingo550twe-usc	OPTIMUM	25	yes	0.004	0	224	73	0	200	100
mug100_25	dsp3_min	clingo550twe-BB	SAT	25	unknown	1199.978	1	159694861	128649217	219896	200	532
mug100_25	dsp3_min	clingo550twe-usc	OPTIMUM	25	yes	0.004	0	207	65	0	200	532
mug88_1	dsp1_min	clingo550twe-BB	SAT	22	unknown	1199.977	1	163377963	132878117	229371	176	88
mug88_1	dsp1_min	clingo550twe-usc	OPTIMUM	22	yes	0.003	0	196	52	0	176	88
mug88_1	dsp2_min	clingo550twe-BB	SAT	22	unknown	1199.983	1	163278391	132790402	229371	176	88
mug88_1	dsp2_min	clingo550twe-usc	OPTIMUM	22	yes	0.003	0	196	52	0	176	88
mug88_1	dsp3_min	clingo550twe-BB	SAT	22	unknown	1199.982	1	156849222	125917896	212988	176	468
mug88_1	dsp3_min	clingo550twe-usc	OPTIMUM	22	yes	0.003	0	201	48	0	176	468
mug88_25	dsp1_min	clingo550twe-BB	SAT	23	unknown	1199.977	1	163489274	133471230	227766	176	88
mug88_25	dsp1_min	clingo550twe-usc	OPTIMUM	23	yes	0.003	0	118	52	0	176	88
mug88_25	dsp2_min	clingo550twe-BB	SAT	23	unknown	1199.980	1	163498527	133477767	227799	176	88
mug88_25	dsp2_min	clingo550twe-usc	OPTIMUM	23	yes	0.003	0	118	52	0	176	88
mug88_25	dsp3_min	clingo550twe-BB	SAT	23	unknown	1199.977	1	153369515	124333070	210349	176	468
mug88_25	dsp3_min	clingo550twe-usc	OPTIMUM	23	yes	0.004	0	186	78	0	176	468
myciel3	dsp1_min	clingo550twe-BB	OPTIMUM	3	yes	0.001	0	31	29	0	22	11
myciel3	dsp1_min	clingo550twe-usc	OPTIMUM	3	yes	0.001	0	11	9	0	22	11
myciel3	dsp2_min	clingo550twe-BB	OPTIMUM	3	yes	0.001	0	31	29	0	22	11
myciel3	dsp2_min	clingo550twe-usc	OPTIMUM	3	yes	0.001	0	11	9	0	22	11
myciel3	dsp3_min	clingo550twe-BB	OPTIMUM	3	yes	0.001	0	46	38	0	22	62
myciel3	dsp3_min	clingo550twe-usc	OPTIMUM	3	yes	0.001	0	9	8	0	22	62
myciel4	dsp1_min	clingo550twe-BB	OPTIMUM	4	yes	0.002	0	424	368	4	46	23
myciel4	dsp1_min	clingo550twe-usc	OPTIMUM	4	yes	0.002	0	62	61	0	46	23
myciel4	dsp2_min	clingo550twe-BB	OPTIMUM	4	yes	0.002	0	424	368	4	46	23
myciel4	dsp2_min	clingo550twe-usc	OPTIMUM	4	yes	0.002	0	62	61	0	46	23
myciel4	dsp3_min	clingo550twe-BB	OPTIMUM	4	yes	0.002	0	264	207	2	46	188
myciel4	dsp3_min	clingo550twe-usc	OPTIMUM	4	yes	0.002	0	73	64	0	46	188
myciel5	dsp1_min	clingo550twe-BB	OPTIMUM	5	yes	0.011	0	3302	2882	20	94	47
myciel5	dsp1_min	clingo550twe-usc	OPTIMUM	5	yes	0.007	0	495	463	4	94	47
myciel5	dsp2_min	clingo550twe-BB	OPTIMUM	5	yes	0.012	0	3302	2882	20	94	47
myciel5	dsp2_min	clingo550twe-usc	OPTIMUM	5	yes	0.008	0	495	463	4	94	47
myciel5	dsp3_min	clingo550twe-BB	OPTIMUM	5	yes	0.043	0	8734	7813	36	94	566
myciel5	dsp3_min	clingo550twe-usc	OPTIMUM	5	yes	0.008	0	513	474	4	94	566
myciel6	dsp1_min	clingo550twe-BB	OPTIMUM	6	yes	1.254	0	253238	237917	638	190	95
myciel6	dsp1_min	clingo550twe-usc	OPTIMUM	6	yes	0.210	0	8868	8123	50	190	95
myciel6	dsp2_min	clingo550twe-BB	OPTIMUM	6	yes	1.263	0	253238	237917	638	190	95
myciel6	dsp2_min	clingo550twe-usc	OPTIMUM	6	yes	0.214	0	8868	8123	50	190	95
myciel6	dsp3_min	clingo550twe-BB	OPTIMUM	6	yes	13.809	0	1741906	1673734	3580	190	1700
myciel6	dsp3_min	clingo550twe-usc	OPTIMUM	6	yes	0.162	0	6335	5834	37	190	1700
myciel7	dsp1_min	clingo550twe-BB	SAT	8	unknown	1199.971	1	94929140	92584949	131070	382	191
myciel7	dsp1_min	clingo550twe-usc	OPTIMUM	7	yes	301.812	0	8562830	4904024	9320	382	191
myciel7	dsp2_min	clingo550twe-BB	SAT	8	unknown	1199.985	1	94987402	92643212	131070	382	191
myciel7	dsp2_min	clingo550twe-usc	OPTIMUM	7	yes	303.398	0	8562830	4904024	9320	382	191
myciel7	dsp3_min	clingo550twe-BB	SAT	8	unknown	1199.973	1	64802735	63155612	96980	382	5102
myciel7	dsp3_min	clingo550twe-usc	SAT	64	unknown	1199.984	1	27865149	16174838	28980	382	5102
qg.order100	dsp1_min	clingo550twe-BB	SAT	100	unknown	1199.982	1	100936401	6074682	9467	20000	10000
qg.order100	dsp1_min	clingo550twe-usc	SAT	100	unknown	1199.988	1	15156243	1958913	4256	20000	10000
qg.order100	dsp2_min	clingo550twe-BB	SAT	100	unknown	1199.985	1	100972178	6076692	9467	20000	10000
qg.order100	dsp2_min	clingo550twe-usc	SAT	100	unknown	1199.986	1	15081798	1950749	4256	20000	10000
qg.order100	dsp3_min	clingo550twe-BB	SAT	100	unknown	1199.984	1	81010528	5837909	8701	20000	2000000
qg.order100	dsp3_min	clingo550twe-usc	SAT	100	unknown	1199.975	1	14767908	1999173	4440	20000	2000000
qg.order30	dsp1_min	clingo550twe-BB	SAT	30	unknown	1199.981	1	114234504	35258274	61435	1800	900
qg.order30	dsp1_min	clingo550twe-usc	SAT	30	unknown	1199.987	1	22477489	8753149	16989	1800	900
qg.order30	dsp2_min	clingo550twe-BB	SAT	30	unknown	1199.984	1	114488399	35325637	61654	1800	900
qg.order30	dsp2_min	clingo550twe-usc	SAT	30	unknown	1199.987	1	22497069	8762436	16989	1800	900
qg.order30	dsp3_min	clingo550twe-BB	SAT	30	unknown	1199.983	1	121342846	35722706	60921	1800	54000
qg.order30	dsp3_min	clingo550twe-usc	SAT	30	unknown	1199.985	1	23570326	9033679	17888	1800	54000
qg.order40	dsp1_min	clingo550twe-BB	SAT	40	unknown	1199.975	1	122728092	27441908	42065	3200	1600
qg.order40	dsp1_min	clingo550twe-usc	SAT	40	unknown	1199.983	1	20840386	6566448	12654	3200	1600
qg.order40	dsp2_min	clingo550twe-BB	SAT	40	unknown	1199.987	1	124340471	27812889	43002	3200	1600
qg.order40	dsp2_min	clingo550twe-usc	SAT	40	unknown	1199.989	1	20974974	6600268	12779	3200	1600
qg.order40	dsp3_min	clingo550twe-BB	SAT	40	unknown	1199.980	1	117200105	26534892	42470	3200	128000
qg.order40	dsp3_min	clingo550twe-usc	SAT	40	unknown	1199.988	1	21615206	6368447	12433	3200	128000
qg.order60	dsp1_min	clingo550twe-BB	SAT	60	unknown	1199.945	1	115435466	14713026	24486	7200	3600
qg.order60	dsp1_min	clingo550twe-usc	SAT	60	unknown	1199.974	1	21083789	4598634	8730	7200	3600
qg.order60	dsp2_min	clingo550twe-BB	SAT	60	unknown	1199.739	1	115923010	14760423	24569	7200	3600
qg.order60	dsp2_min	clingo550twe-usc	SAT	60	unknown	1199.874	1	20815954	4538878	8730	7200	3600
qg.order60	dsp3_min	clingo550twe-BB	SAT	60	unknown	1199.981	1	113508032	14418164	22637	7200	432000
qg.order60	dsp3_min	clingo550twe-usc	SAT	60	unknown	1199.982	1	20274492	4171223	8315	7200	432000
queen10_10	dsp1_min	clingo550twe-BB	OPTIMUM	5	yes	6.456	0	1085332	1068850	2706	200	100
queen10_10	dsp1_min	clingo550twe-usc	OPTIMUM	5	yes	19.695	0	360759	345033	1241	200	100
queen10_10	dsp2_min	clingo550twe-BB	OPTIMUM	5	yes	6.564	0	1085332	1068850	2706	200	100
queen10_10	dsp2_min	clingo550twe-usc	OPTIMUM	5	yes	19.804	0	360759	345033	1241	200	100
queen10_10	dsp3_min	clingo550twe-BB	OPTIMUM	5	yes	61.687	0	8781288	8687311	16608	200	3140
queen10_10	dsp3_min	clingo550twe-usc	OPTIMUM	5	yes	5.356	0	121842	116592	471	200	3140
queen11_11	dsp1_min	clingo550twe-BB	OPTIMUM	5	yes	149.468	0	20664450	20424168	36861	242	121
queen11_11	dsp1_min	clingo550twe-usc	OPTIMUM	5	yes	11.857	0	200649	192636	705	242	121
queen11_11	dsp2_min	clingo550twe-BB	OPTIMUM	5	yes	150.884	0	20664450	20424168	36861	242	121
queen11_11	dsp2_min	clingo550twe-usc	OPTIMUM	5	yes	11.964	0	200649	192636	705	242	121
queen11_11	dsp3_min	clingo550twe-BB	OPTIMUM	5	yes	17.159	0	2212134	2175854	4906	242	4202
queen11_11	dsp3_min	clingo550twe-usc	OPTIMUM	5	yes	13.048	0	222613	213318	781	242	4202
queen12_12	dsp1_min	clingo550twe-BB	SAT	7	unknown	1199.955	1	115920829	114512934	182031	288	144
queen12_12	dsp1_min	clingo550twe-usc	OPTIMUM	6	yes	676.916	0	5761536	5530860	13648	288	144
queen12_12	dsp2_min	clingo550twe-BB	SAT	7	unknown	1199.973	1	115873849	114466785	181912	288	144
queen12_12	dsp2_min	clingo550twe-usc	OPTIMUM	6	yes	678.884	0	5761536	5530860	13648	288	144
queen12_12	dsp3_min	clingo550twe-BB	OPTIMUM	6	yes	790.150	0	77638056	76612474	131067	288	5480
queen12_12	dsp3_min	clingo550twe-usc	OPTIMUM	6	yes	692.854	0	5489660	5287291	12575	288	5480
queen13_13	dsp1_min	clingo550twe-BB	SAT	7	unknown	1199.966	1	110271472	108708724	175477	338	169
queen13_13	dsp1_min	clingo550twe-usc	SAT	12	unknown	1199.961	1	22103183	16615777	23579	338	169
queen13_13	dsp2_min	clingo550twe-BB	SAT	7	unknown	1199.900	1	109925463	108368264	174585	338	169
queen13_13	dsp2_min	clingo550twe-usc	SAT	12	unknown	1199.938	1	21976116	16516497	23560	338	169
queen13_13	dsp3_min	clingo550twe-BB	SAT	7	unknown	1199.969	1	93885401	92373206	143353	338	6994
queen13_13	dsp3_min	clingo550twe-usc	SAT	12	unknown	1199.962	1	24393944	17817615	25308	338	6994
queen14_14	dsp1_min	clingo550twe-BB	SAT	12	unknown	1199.928	1	182585194	82533928	131068	392	196
queen14_14	dsp1_min	clingo550twe-usc	SAT	13	unknown	1199.955	1	25041551	16352916	25765	392	196
queen14_14	dsp2_min	clingo550twe-BB	SAT	12	unknown	1199.900	1	182186293	82335596	131068	392	196
queen14_14	dsp2_min	clingo550twe-usc	SAT	13	unknown	1199.816	1	24885771	16248660	25617	392	196
queen14_14	dsp3_min	clingo550twe-BB	SAT	10	unknown	1199.976	1	131736556	62810036	119802	392	8764
queen14_14	dsp3_min	clingo550twe-usc	SAT	13	unknown	1199.937	1	24431438	15417526	27803	392	8764
queen15_15	dsp1_min	clingo550twe-BB	SAT	11	unknown	1199.972	1	158928343	67468409	123413	450	225
queen15_15	dsp1_min	clingo550twe-usc	SAT	14	unknown	1199.975	1	24892497	14998143	26343	450	225
queen15_15	dsp2_min	clingo550twe-BB	SAT	11	unknown	1199.979	1	159378330	67663546	123898	450	225
queen15_15	dsp2_min	clingo550twe-usc	SAT	14	unknown	1199.986	1	24898776	15002034	26344	450	225
queen15_15	dsp3_min	clingo550twe-BB	SAT	11	unknown	1199.975	1	138928389	61591668	114683	450	10810
queen15_15	dsp3_min	clingo550twe-usc	SAT	14	unknown	1199.984	1	26123743	16336133	26836	450	10810
queen16_16	dsp1_min	clingo550twe-BB	SAT	14	unknown	1199.990	1	157720645	61681984	118009	512	256
queen16_16	dsp1_min	clingo550twe-usc	SAT	15	unknown	1199.985	1	23238283	13934488	25124	512	256
queen16_16	dsp2_min	clingo550twe-BB	SAT	14	unknown	1199.983	1	157570862	61623230	117815	512	256
queen16_16	dsp2_min	clingo550twe-usc	SAT	15	unknown	1199.989	1	23227706	13927600	25119	512	256
queen16_16	dsp3_min	clingo550twe-BB	SAT	12	unknown	1199.983	1	145121862	59458064	104506	512	13152
queen16_16	dsp3_min	clingo550twe-usc	SAT	15	unknown	1199.987	1	22439354	12890831	25591	512	13152
queen200x200	dsp1_min	clingo550twe-BB	SAT			0.001	0	0	0	0	0	0
queen200x200	dsp1_min	clingo550twe-usc	SAT			0.001	0	0	0	0	0	0
queen200x200	dsp2_min	clingo550twe-BB	SAT			0.001	0	0	0	0	0	0
queen200x200	dsp2_min	clingo550twe-usc	SAT			0.001	0	0	0	0	0	0
queen200x200	dsp3_min	clingo550twe-BB	SAT			0.001	0	0	0	0	0	0
queen200x200	dsp3_min	clingo550twe-usc	SAT			0.001	0	0	0	0	0	0
queen5_5	dsp1_min	clingo550twe-BB	OPTIMUM	3	yes	0.002	0	243	223	2	50	25
queen5_5	dsp1_min	clingo550twe-usc	OPTIMUM	3	yes	0.002	0	73	63	0	50	25
queen5_5	dsp2_min	clingo550twe-BB	OPTIMUM	3	yes	0.003	0	243	223	2	50	25
queen5_5	dsp2_min	clingo550twe-usc	OPTIMUM	3	yes	0.003	0	73	63	0	50	25
queen5_5	dsp3_min	clingo550twe-BB	OPTIMUM	3	yes	0.005	0	236	221	2	50	370
queen5_5	dsp3_min	clingo550twe-usc	OPTIMUM	3	yes	0.003	0	72	64	0	50	370
queen6_6	dsp1_min	clingo550twe-BB	OPTIMUM	3	yes	0.004	0	576	532	6	72	36
queen6_6	dsp1_min	clingo550twe-usc	OPTIMUM	3	yes	0.005	0	213	200	1	72	36
queen6_6	dsp2_min	clingo550twe-BB	OPTIMUM	3	yes	0.005	0	576	532	6	72	36
queen6_6	dsp2_min	clingo550twe-usc	OPTIMUM	3	yes	0.005	0	213	200	1	72	36
queen6_6	dsp3_min	clingo550twe-BB	OPTIMUM	3	yes	0.006	0	628	581	6	72	652
queen6_6	dsp3_min	clingo550twe-usc	OPTIMUM	3	yes	0.004	0	101	88	0	72	652
queen7_7	dsp1_min	clingo550twe-BB	OPTIMUM	4	yes	0.032	0	8207	8018	44	98	49
queen7_7	dsp1_min	clingo550twe-usc	OPTIMUM	4	yes	0.018	0	1060	1015	8	98	49
queen7_7	dsp2_min	clingo550twe-BB	OPTIMUM	4	yes	0.033	0	8207	8018	44	98	49
queen7_7	dsp2_min	clingo550twe-usc	OPTIMUM	4	yes	0.019	0	1060	1015	8	98	49
queen7_7	dsp3_min	clingo550twe-BB	OPTIMUM	4	yes	0.047	0	10572	10309	55	98	1050
queen7_7	dsp3_min	clingo550twe-usc	OPTIMUM	4	yes	0.022	0	1203	1147	10	98	1050
queen8_12	dsp1_min	clingo550twe-BB	OPTIMUM	6	yes	87.674	0	13641417	13475105	24827	192	96
queen8_12	dsp1_min	clingo550twe-usc	OPTIMUM	6	yes	51.564	0	903889	862273	2291	192	96
queen8_12	dsp2_min	clingo550twe-BB	OPTIMUM	6	yes	87.913	0	13641417	13475105	24827	192	96
queen8_12	dsp2_min	clingo550twe-usc	OPTIMUM	6	yes	51.484	0	903889	862273	2291	192	96
queen8_12	dsp3_min	clingo550twe-BB	OPTIMUM	6	yes	96.404	0	13229707	13038861	24698	192	2928
queen8_12	dsp3_min	clingo550twe-usc	OPTIMUM	6	yes	46.976	0	699546	677269	2134	192	2928
queen8_8	dsp1_min	clingo550twe-BB	OPTIMUM	5	yes	1.061	0	220516	216720	669	128	64
queen8_8	dsp1_min	clingo550twe-usc	OPTIMUM	5	yes	0.617	0	22916	21983	112	128	64
queen8_8	dsp2_min	clingo550twe-BB	OPTIMUM	5	yes	1.055	0	220516	216720	669	128	64
queen8_8	dsp2_min	clingo550twe-usc	OPTIMUM	5	yes	0.618	0	22916	21983	112	128	64
queen8_8	dsp3_min	clingo550twe-BB	OPTIMUM	5	yes	1.176	0	221906	217541	644	128	1584
queen8_8	dsp3_min	clingo550twe-usc	OPTIMUM	5	yes	0.654	0	23261	22175	123	128	1584
queen9_9	dsp1_min	clingo550twe-BB	OPTIMUM	5	yes	2.600	0	473544	467060	1277	162	81
queen9_9	dsp1_min	clingo550twe-usc	OPTIMUM	5	yes	0.798	0	24902	23886	126	162	81
queen9_9	dsp2_min	clingo550twe-BB	OPTIMUM	5	yes	2.600	0	473544	467060	1277	162	81
queen9_9	dsp2_min	clingo550twe-usc	OPTIMUM	5	yes	0.803	0	24902	23886	126	162	81
queen9_9	dsp3_min	clingo550twe-BB	OPTIMUM	5	yes	3.760	0	625822	615054	1753	162	2274
queen9_9	dsp3_min	clingo550twe-usc	OPTIMUM	5	yes	0.949	0	28918	27672	148	162	2274
school1	dsp1_min	clingo550twe-BB	SAT	18	unknown	1199.976	1	224686585	63050947	106762	770	385
school1	dsp1_min	clingo550twe-usc	OPTIMUM	15	yes	0.135	0	574	148	0	770	385
school1	dsp2_min	clingo550twe-BB	SAT	18	unknown	1199.979	1	225154264	63202026	107257	770	385
school1	dsp2_min	clingo550twe-usc	OPTIMUM	15	yes	0.158	0	574	148	0	770	385
school1	dsp3_min	clingo550twe-BB	SAT	18	unknown	1199.977	1	198998805	55030672	93847	762	38940
school1	dsp3_min	clingo550twe-usc	OPTIMUM	15	yes	0.166	0	807	350	2	762	38940
school1_nsh	dsp1_min	clingo550twe-BB	SAT	16	unknown	1199.977	1	233374931	70051955	115708	704	352
school1_nsh	dsp1_min	clingo550twe-usc	OPTIMUM	15	yes	0.107	0	1180	414	3	704	352
school1_nsh	dsp2_min	clingo550twe-BB	SAT	16	unknown	1199.972	1	233198456	69999598	115706	704	352
school1_nsh	dsp2_min	clingo550twe-usc	OPTIMUM	15	yes	0.129	0	1180	414	3	704	352
school1_nsh	dsp3_min	clingo550twe-BB	SAT	16	unknown	1199.980	1	208701948	62462483	102651	696	29908
school1_nsh	dsp3_min	clingo550twe-usc	OPTIMUM	15	yes	0.136	0	1797	687	5	696	29908
sp001	dsp1_min	clingo550twe-BB	OPTIMUM	2	yes	0.001	0	12	11	0	26	13
sp001	dsp1_min	clingo550twe-usc	OPTIMUM	2	yes	0.001	0	16	10	0	26	13
sp001	dsp2_min	clingo550twe-BB	OPTIMUM	2	yes	0.001	0	12	11	0	26	13
sp001	dsp2_min	clingo550twe-usc	OPTIMUM	2	yes	0.002	0	16	10	0	26	13
sp001	dsp3_min	clingo550twe-BB	OPTIMUM	2	yes	0.003	0	11	11	0	26	158
sp001	dsp3_min	clingo550twe-usc	OPTIMUM	2	yes	0.001	0	14	8	0	26	158
sp002	dsp1_min	clingo550twe-BB	OPTIMUM	3	yes	0.002	0	217	189	2	52	26
sp002	dsp1_min	clingo550twe-usc	OPTIMUM	3	yes	0.002	0	29	12	0	52	26
sp002	dsp2_min	clingo550twe-BB	OPTIMUM	3	yes	0.003	0	217	189	2	52	26
sp002	dsp2_min	clingo550twe-usc	OPTIMUM	3	yes	0.002	0	29	12	0	52	26
sp002	dsp3_min	clingo550twe-BB	OPTIMUM	3	yes	0.005	0	244	203	2	52	352
sp002	dsp3_min	clingo550twe-usc	OPTIMUM	3	yes	0.002	0	33	13	0	52	352
sp003	dsp1_min	clingo550twe-BB	OPTIMUM	4	yes	0.008	0	1957	1769	14	78	39
sp003	dsp1_min	clingo550twe-usc	OPTIMUM	4	yes	0.003	0	66	27	0	78	39
sp003	dsp2_min	clingo550twe-BB	OPTIMUM	4	yes	0.008	0	1957	1769	14	78	39
sp003	dsp2_min	clingo550twe-usc	OPTIMUM	4	yes	0.003	0	66	27	0	78	39
sp003	dsp3_min	clingo550twe-BB	OPTIMUM	4	yes	0.011	0	2343	2056	14	78	546
sp003	dsp3_min	clingo550twe-usc	OPTIMUM	4	yes	0.003	0	48	19	0	78	546
sp004	dsp1_min	clingo550twe-BB	OPTIMUM	5	yes	0.126	0	29026	26208	107	104	52
sp004	dsp1_min	clingo550twe-usc	OPTIMUM	5	yes	0.004	0	72	32	0	104	52
sp004	dsp2_min	clingo550twe-BB	OPTIMUM	5	yes	0.127	0	29026	26208	107	104	52
sp004	dsp2_min	clingo550twe-usc	OPTIMUM	5	yes	0.004	0	72	32	0	104	52
sp004	dsp3_min	clingo550twe-BB	OPTIMUM	5	yes	0.100	0	23883	21087	93	104	740
sp004	dsp3_min	clingo550twe-usc	OPTIMUM	5	yes	0.005	0	112	62	0	104	740
sp005	dsp1_min	clingo550twe-BB	OPTIMUM	6	yes	1.508	0	328360	295167	765	130	65
sp005	dsp1_min	clingo550twe-usc	OPTIMUM	6	yes	0.004	0	128	37	0	130	65
sp005	dsp2_min	clingo550twe-BB	OPTIMUM	6	yes	1.517	0	328360	295167	765	130	65
sp005	dsp2_min	clingo550twe-usc	OPTIMUM	6	yes	0.005	0	128	37	0	130	65
sp005	dsp3_min	clingo550twe-BB	OPTIMUM	6	yes	1.834	0	346866	311301	827	130	934
sp005	dsp3_min	clingo550twe-usc	OPTIMUM	6	yes	0.005	0	81	34	0	130	934
sp006	dsp1_min	clingo550twe-BB	OPTIMUM	7	yes	26.116	0	4627357	4082106	7258	156	78
sp006	dsp1_min	clingo550twe-usc	OPTIMUM	7	yes	0.005	0	160	43	0	156	78
sp006	dsp2_min	clingo550twe-BB	OPTIMUM	7	yes	26.149	0	4627357	4082106	7258	156	78
sp006	dsp2_min	clingo550twe-usc	OPTIMUM	7	yes	0.006	0	160	43	0	156	78
sp006	dsp3_min	clingo550twe-BB	OPTIMUM	7	yes	34.661	0	5458283	4764573	8189	156	1128
sp006	dsp3_min	clingo550twe-usc	OPTIMUM	7	yes	0.006	0	113	44	0	156	1128
sp007	dsp1_min	clingo550twe-BB	OPTIMUM	8	yes	613.189	0	70500360	59963540	77818	182	91
sp007	dsp1_min	clingo550twe-usc	OPTIMUM	8	yes	0.006	0	184	52	0	182	91
sp007	dsp2_min	clingo550twe-BB	OPTIMUM	8	yes	613.821	0	70500360	59963540	77818	182	91
sp007	dsp2_min	clingo550twe-usc	OPTIMUM	8	yes	0.007	0	184	52	0	182	91
sp007	dsp3_min	clingo550twe-BB	OPTIMUM	8	yes	961.377	0	98645506	81592217	106492	182	1322
sp007	dsp3_min	clingo550twe-usc	OPTIMUM	8	yes	0.007	0	157	50	0	182	1322
sp008	dsp1_min	clingo550twe-BB	SAT	9	unknown	1199.982	1	125670447	98433758	129017	208	104
sp008	dsp1_min	clingo550twe-usc	OPTIMUM	9	yes	0.007	0	221	76	0	208	104
sp008	dsp2_min	clingo550twe-BB	SAT	9	unknown	1199.978	1	125737506	98494351	129017	208	104
sp008	dsp2_min	clingo550twe-usc	OPTIMUM	9	yes	0.008	0	221	76	0	208	104
sp008	dsp3_min	clingo550twe-BB	SAT	9	unknown	1199.972	1	120186403	92628775	125296	208	1516
sp008	dsp3_min	clingo550twe-usc	OPTIMUM	9	yes	0.008	0	204	71	0	208	1516
sp009	dsp1_min	clingo550twe-BB	SAT	10	unknown	1199.979	1	137910950	101347783	131069	234	117
sp009	dsp1_min	clingo550twe-usc	OPTIMUM	10	yes	0.007	0	175	70	0	234	117
sp009	dsp2_min	clingo550twe-BB	SAT	10	unknown	1199.982	1	137767271	101210455	131069	234	117
sp009	dsp2_min	clingo550twe-usc	OPTIMUM	10	yes	0.009	0	175	70	0	234	117
sp009	dsp3_min	clingo550twe-BB	SAT	10	unknown	1199.979	1	131167768	94685030	128248	234	1710
sp009	dsp3_min	clingo550twe-usc	OPTIMUM	10	yes	0.009	0	183	69	0	234	1710
sp010	dsp1_min	clingo550twe-BB	SAT	11	unknown	1199.982	1	150965334	104229320	132601	260	130
sp010	dsp1_min	clingo550twe-usc	OPTIMUM	11	yes	0.008	0	232	100	0	260	130
sp010	dsp2_min	clingo550twe-BB	SAT	11	unknown	1199.982	1	151024293	104268540	132604	260	130
sp010	dsp2_min	clingo550twe-usc	OPTIMUM	11	yes	0.010	0	232	100	0	260	130
sp010	dsp3_min	clingo550twe-BB	SAT	11	unknown	1199.976	1	141261964	97376772	131069	260	1904
sp010	dsp3_min	clingo550twe-usc	OPTIMUM	11	yes	0.010	0	159	63	0	260	1904
sp011	dsp1_min	clingo550twe-BB	SAT	12	unknown	1199.977	1	165633907	108269253	147451	286	143
sp011	dsp1_min	clingo550twe-usc	OPTIMUM	12	yes	0.009	0	314	108	1	286	143
sp011	dsp2_min	clingo550twe-BB	SAT	12	unknown	1199.980	1	165803500	108399526	147452	286	143
sp011	dsp2_min	clingo550twe-usc	OPTIMUM	12	yes	0.011	0	314	108	1	286	143
sp011	dsp3_min	clingo550twe-BB	SAT	12	unknown	1199.979	1	148453042	98404553	131070	286	2098
sp011	dsp3_min	clingo550twe-usc	OPTIMUM	12	yes	0.011	0	191	84	0	286	2098
sp012	dsp1_min	clingo550twe-BB	SAT	13	unknown	1199.972	1	169673667	108544366	147453	312	156
sp012	dsp1_min	clingo550twe-usc	OPTIMUM	13	yes	0.010	0	384	123	1	312	156
sp012	dsp2_min	clingo550twe-BB	SAT	13	unknown	1199.983	1	169749515	108602954	147453	312	156
sp012	dsp2_min	clingo550twe-usc	OPTIMUM	13	yes	0.012	0	384	123	1	312	156
sp012	dsp3_min	clingo550twe-BB	SAT	14	unknown	1199.969	1	168396424	104181720	145400	312	2292
sp012	dsp3_min	clingo550twe-usc	OPTIMUM	13	yes	0.012	0	208	83	0	312	2292
sp013	dsp1_min	clingo550twe-BB	SAT	14	unknown	1199.972	1	178530316	111085277	161017	338	169
sp013	dsp1_min	clingo550twe-usc	OPTIMUM	14	yes	0.010	0	424	96	1	338	169
sp013	dsp2_min	clingo550twe-BB	SAT	14	unknown	1199.983	1	178940229	111306049	161622	338	169
sp013	dsp2_min	clingo550twe-usc	OPTIMUM	14	yes	0.013	0	424	96	1	338	169
sp013	dsp3_min	clingo550twe-BB	SAT	15	unknown	1199.974	1	171520438	104421860	147453	338	2486
sp013	dsp3_min	clingo550twe-usc	OPTIMUM	14	yes	0.013	0	275	86	0	338	2486
sp014	dsp1_min	clingo550twe-BB	SAT	16	unknown	1199.979	1	190119703	115042247	163837	364	182
sp014	dsp1_min	clingo550twe-usc	OPTIMUM	15	yes	0.011	0	474	88	1	364	182
sp014	dsp2_min	clingo550twe-BB	SAT	16	unknown	1199.971	1	190121039	115043134	163837	364	182
sp014	dsp2_min	clingo550twe-usc	OPTIMUM	15	yes	0.013	0	474	88	1	364	182
sp014	dsp3_min	clingo550twe-BB	SAT	16	unknown	1199.977	1	179799512	107538601	161786	364	2680
sp014	dsp3_min	clingo550twe-usc	OPTIMUM	15	yes	0.014	0	321	92	0	364	2680
sp015	dsp1_min	clingo550twe-BB	SAT	17	unknown	1199.977	1	206993017	119480370	186361	390	195
sp015	dsp1_min	clingo550twe-usc	OPTIMUM	16	yes	0.012	0	644	133	1	390	195
sp015	dsp2_min	clingo550twe-BB	SAT	17	unknown	1199.984	1	206727852	119333650	186020	390	195
sp015	dsp2_min	clingo550twe-usc	OPTIMUM	16	yes	0.014	0	644	133	1	390	195
sp015	dsp3_min	clingo550twe-BB	SAT	25	unknown	1199.978	1	130968269	69114779	111830	390	2874
sp015	dsp3_min	clingo550twe-usc	OPTIMUM	16	yes	0.015	0	374	122	0	390	2874
sp016	dsp1_min	clingo550twe-BB	SAT	21	unknown	1199.987	1	140645555	80699012	113463	416	208
sp016	dsp1_min	clingo550twe-usc	OPTIMUM	17	yes	0.013	0	583	113	1	416	208
sp016	dsp2_min	clingo550twe-BB	SAT	21	unknown	1199.972	1	140723301	80739400	113590	416	208
sp016	dsp2_min	clingo550twe-usc	OPTIMUM	17	yes	0.015	0	583	113	1	416	208
sp016	dsp3_min	clingo550twe-BB	SAT	29	unknown	1199.975	1	128591519	66995371	112105	416	3068
sp016	dsp3_min	clingo550twe-usc	OPTIMUM	17	yes	0.016	0	470	114	0	416	3068
sp017	dsp1_min	clingo550twe-BB	SAT	22	unknown	1199.982	1	134778276	79410561	115737	442	221
sp017	dsp1_min	clingo550twe-usc	OPTIMUM	18	yes	0.013	0	870	147	1	442	221
sp017	dsp2_min	clingo550twe-BB	SAT	22	unknown	1199.974	1	134884594	79470703	115960	442	221
sp017	dsp2_min	clingo550twe-usc	OPTIMUM	18	yes	0.017	0	870	147	1	442	221
sp017	dsp3_min	clingo550twe-BB	SAT	31	unknown	1199.977	1	122871576	64858774	106490	442	3262
sp017	dsp3_min	clingo550twe-usc	OPTIMUM	18	yes	0.017	0	692	186	0	442	3262
sp018	dsp1_min	clingo550twe-BB	SAT	24	unknown	1199.984	1	144143896	77613135	118567	468	234
sp018	dsp1_min	clingo550twe-usc	OPTIMUM	19	yes	0.014	0	664	198	2	468	234
sp018	dsp2_min	clingo550twe-BB	SAT	24	unknown	1199.972	1	144006489	77538935	118342	468	234
sp018	dsp2_min	clingo550twe-usc	OPTIMUM	19	yes	0.018	0	664	198	2	468	234
sp018	dsp3_min	clingo550twe-BB	SAT	33	unknown	1199.967	1	121068122	63393831	103674	468	3456
sp018	dsp3_min	clingo550twe-usc	OPTIMUM	19	yes	0.017	0	536	133	0	468	3456
sp019	dsp1_min	clingo550twe-BB	SAT	26	unknown	1199.985	1	141735538	76351777	111991	494	247
sp019	dsp1_min	clingo550twe-usc	OPTIMUM	20	yes	0.014	0	539	166	2	494	247
sp019	dsp2_min	clingo550twe-BB	SAT	26	unknown	1199.981	1	141917282	76448139	112184	494	247
sp019	dsp2_min	clingo550twe-usc	OPTIMUM	20	yes	0.018	0	539	166	2	494	247
sp019	dsp3_min	clingo550twe-BB	SAT	34	unknown	1199.979	1	123103838	63559943	98714	494	3650
sp019	dsp3_min	clingo550twe-usc	OPTIMUM	20	yes	0.019	0	857	229	2	494	3650
sp020	dsp1_min	clingo550twe-BB	SAT	28	unknown	1199.973	1	141859063	75313854	110533	520	260
sp020	dsp1_min	clingo550twe-usc	OPTIMUM	21	yes	0.015	0	636	139	1	520	260
sp020	dsp2_min	clingo550twe-BB	SAT	28	unknown	1199.984	1	141732544	75244497	110327	520	260
sp020	dsp2_min	clingo550twe-usc	OPTIMUM	21	yes	0.019	0	636	139	1	520	260
sp020	dsp3_min	clingo550twe-BB	SAT	36	unknown	1199.977	1	113394728	64978426	106491	520	3844
sp020	dsp3_min	clingo550twe-usc	OPTIMUM	21	yes	0.021	0	904	302	2	520	3844
sp021	dsp1_min	clingo550twe-BB	SAT	26	unknown	1199.987	1	145963927	76770869	116645	546	273
sp021	dsp1_min	clingo550twe-usc	OPTIMUM	22	yes	0.016	0	451	122	1	546	273
sp021	dsp2_min	clingo550twe-BB	SAT	26	unknown	1199.984	1	145817724	76695310	116428	546	273
sp021	dsp2_min	clingo550twe-usc	OPTIMUM	22	yes	0.020	0	451	122	1	546	273
sp021	dsp3_min	clingo550twe-BB	SAT	38	unknown	1199.974	1	108537534	63494076	106492	546	4038
sp021	dsp3_min	clingo550twe-usc	OPTIMUM	22	yes	0.020	0	382	127	0	546	4038
sp022	dsp1_min	clingo550twe-BB	SAT	28	unknown	1199.969	1	142406665	75158707	114684	572	286
sp022	dsp1_min	clingo550twe-usc	OPTIMUM	23	yes	0.017	0	467	117	1	572	286
sp022	dsp2_min	clingo550twe-BB	SAT	28	unknown	1199.985	1	142551732	75231781	114782	572	286
sp022	dsp2_min	clingo550twe-usc	OPTIMUM	23	yes	0.021	0	467	117	1	572	286
sp022	dsp3_min	clingo550twe-BB	SAT	40	unknown	1199.981	1	105592458	62218123	106489	572	4232
sp022	dsp3_min	clingo550twe-usc	OPTIMUM	23	yes	0.021	0	457	134	1	572	4232
sp023	dsp1_min	clingo550twe-BB	SAT	30	unknown	1199.980	1	146331287	76133795	106492	598	299
sp023	dsp1_min	clingo550twe-usc	OPTIMUM	24	yes	0.018	0	981	175	1	598	299
sp023	dsp2_min	clingo550twe-BB	SAT	30	unknown	1199.982	1	146141999	76033782	106491	598	299
sp023	dsp2_min	clingo550twe-usc	OPTIMUM	24	yes	0.022	0	981	175	1	598	299
sp023	dsp3_min	clingo550twe-BB	SAT	43	unknown	1199.979	1	107369742	62024899	105492	598	4426
sp023	dsp3_min	clingo550twe-usc	OPTIMUM	24	yes	0.024	0	1405	329	2	598	4426
sp024	dsp1_min	clingo550twe-BB	SAT	36	unknown	1199.989	1	133780022	71328857	105466	624	312
sp024	dsp1_min	clingo550twe-usc	OPTIMUM	25	yes	0.019	0	979	217	2	624	312
sp024	dsp2_min	clingo550twe-BB	SAT	36	unknown	1199.988	1	133460397	71160272	105106	624	312
sp024	dsp2_min	clingo550twe-usc	OPTIMUM	25	yes	0.023	0	979	217	2	624	312
sp024	dsp3_min	clingo550twe-BB	SAT	45	unknown	1199.980	1	104236504	61105232	104758	624	4620
sp024	dsp3_min	clingo550twe-usc	OPTIMUM	25	yes	0.023	0	532	164	1	624	4620
sp025	dsp1_min	clingo550twe-BB	SAT	35	unknown	1199.988	1	128265429	71030669	100090	650	325
sp025	dsp1_min	clingo550twe-usc	OPTIMUM	26	yes	0.019	0	822	195	2	650	325
sp025	dsp2_min	clingo550twe-BB	SAT	35	unknown	1199.987	1	128404342	71104801	100331	650	325
sp025	dsp2_min	clingo550twe-usc	OPTIMUM	26	yes	0.024	0	822	195	2	650	325
sp025	dsp3_min	clingo550twe-BB	SAT	47	unknown	1199.979	1	103813409	60300820	101464	650	4814
sp025	dsp3_min	clingo550twe-usc	OPTIMUM	26	yes	0.027	0	1724	466	4	650	4814
sp026	dsp1_min	clingo550twe-BB	SAT	35	unknown	1199.982	1	139645587	71701803	106491	676	338
sp026	dsp1_min	clingo550twe-usc	OPTIMUM	27	yes	0.019	0	646	134	1	676	338
sp026	dsp2_min	clingo550twe-BB	SAT	35	unknown	1199.984	1	139416271	71588726	106490	676	338
sp026	dsp2_min	clingo550twe-usc	OPTIMUM	27	yes	0.024	0	646	134	1	676	338
sp026	dsp3_min	clingo550twe-BB	SAT	49	unknown	1199.981	1	102119313	59641519	100502	676	5008
sp026	dsp3_min	clingo550twe-usc	OPTIMUM	27	yes	0.025	0	632	182	1	676	5008
sp027	dsp1_min	clingo550twe-BB	SAT	37	unknown	1199.979	1	117246805	67904503	97835	702	351
sp027	dsp1_min	clingo550twe-usc	OPTIMUM	28	yes	0.021	0	829	161	0	702	351
sp027	dsp2_min	clingo550twe-BB	SAT	37	unknown	1199.973	1	117510505	68051669	98292	702	351
sp027	dsp2_min	clingo550twe-usc	OPTIMUM	28	yes	0.025	0	829	161	0	702	351
sp027	dsp3_min	clingo550twe-BB	SAT	51	unknown	1199.978	1	102709774	59509373	100641	702	5202
sp027	dsp3_min	clingo550twe-usc	OPTIMUM	28	yes	0.025	0	683	168	1	702	5202
sp028	dsp1_min	clingo550twe-BB	SAT	39	unknown	1199.982	1	114956174	69183224	102841	728	364
sp028	dsp1_min	clingo550twe-usc	OPTIMUM	29	yes	0.022	0	1413	215	2	728	364
sp028	dsp2_min	clingo550twe-BB	SAT	39	unknown	1199.979	1	114875678	69135734	102691	728	364
sp028	dsp2_min	clingo550twe-usc	OPTIMUM	29	yes	0.027	0	1413	215	2	728	364
sp028	dsp3_min	clingo550twe-BB	SAT	53	unknown	1199.971	1	100221143	58271794	98301	728	5396
sp028	dsp3_min	clingo550twe-usc	OPTIMUM	29	yes	0.028	0	1026	279	2	728	5396
sp029	dsp1_min	clingo550twe-BB	SAT	41	unknown	1199.987	1	113809300	67735671	102020	754	377
sp029	dsp1_min	clingo550twe-usc	OPTIMUM	30	yes	0.023	0	1960	265	2	754	377
sp029	dsp2_min	clingo550twe-BB	SAT	41	unknown	1199.985	1	113479969	67549594	101559	754	377
sp029	dsp2_min	clingo550twe-usc	OPTIMUM	30	yes	0.028	0	1960	265	2	754	377
sp029	dsp3_min	clingo550twe-BB	SAT	55	unknown	1199.973	1	98301025	57316465	96415	754	5590
sp029	dsp3_min	clingo550twe-usc	OPTIMUM	30	yes	0.028	0	1051	277	2	754	5590
sp030	dsp1_min	clingo550twe-BB	SAT	47	unknown	1199.983	1	122055110	63895680	94202	780	390
sp030	dsp1_min	clingo550twe-usc	OPTIMUM	31	yes	0.024	0	1609	289	2	780	390
sp030	dsp2_min	clingo550twe-BB	SAT	47	unknown	1199.983	1	121943050	63832057	94200	780	390
sp030	dsp2_min	clingo550twe-usc	OPTIMUM	31	yes	0.029	0	1609	289	2	780	390
sp030	dsp3_min	clingo550twe-BB	SAT	57	unknown	1199.975	1	98687563	56978970	98297	780	5784
sp030	dsp3_min	clingo550twe-usc	OPTIMUM	31	yes	0.032	0	1880	451	3	780	5784
wap01a	dsp1_min	clingo550twe-BB	SAT	65	unknown	1199.983	1	90541935	22437446	34553	4736	2368
wap01a	dsp1_min	clingo550twe-usc	SAT	57	unknown	1199.988	1	21305969	6666906	13004	4736	2368
wap01a	dsp2_min	clingo550twe-BB	SAT	65	unknown	1199.986	1	90914046	22527974	34810	4736	2368
wap01a	dsp2_min	clingo550twe-usc	SAT	57	unknown	1199.979	1	21286110	6661947	12976	4736	2368
wap01a	dsp3_min	clingo550twe-BB	SAT	69	unknown	1199.966	1	86987683	20360347	32765	4736	226478
wap01a	dsp3_min	clingo550twe-usc	SAT	67	unknown	1199.992	1	19871362	5877542	11356	4736	226478
wap02a	dsp1_min	clingo550twe-BB	SAT	73	unknown	1199.982	1	86769979	21545096	32766	4928	2464
wap02a	dsp1_min	clingo550twe-usc	SAT	68	unknown	1199.988	1	19296068	5812352	11301	4928	2464
wap02a	dsp2_min	clingo550twe-BB	SAT	73	unknown	1199.980	1	86628288	21502601	32766	4928	2464
wap02a	dsp2_min	clingo550twe-usc	SAT	68	unknown	1199.987	1	19300227	5813935	11310	4928	2464
wap02a	dsp3_min	clingo550twe-BB	SAT	73	unknown	1199.974	1	79708119	19948347	32765	4928	228412
wap02a	dsp3_min	clingo550twe-usc	SAT	71	unknown	1199.990	1	18731714	5734102	11483	4928	228412
wap03a	dsp1_min	clingo550twe-BB	SAT	127	unknown	1199.986	1	54301641	10970244	17915	9460	4730
wap03a	dsp1_min	clingo550twe-usc	SAT	128	unknown	1199.992	1	17755071	4628141	9960	9460	4730
wap03a	dsp2_min	clingo550twe-BB	SAT	127	unknown	1199.985	1	54008427	10908944	17723	9460	4730
wap03a	dsp2_min	clingo550twe-usc	SAT	128	unknown	1199.980	1	17688495	4614139	9910	9460	4730
wap03a	dsp3_min	clingo550twe-BB	SAT	160	unknown	1199.983	1	44724086	8849057	14858	9460	582904
wap03a	dsp3_min	clingo550twe-usc	SAT	137	unknown	1199.989	1	15867624	4422311	8963	9460	582904
wap04a	dsp1_min	clingo550twe-BB	SAT	153	unknown	1199.985	1	44330657	10187218	16382	10462	5231
wap04a	dsp1_min	clingo550twe-usc	SAT	146	unknown	1199.987	1	16084227	4179550	8789	10462	5231
wap04a	dsp2_min	clingo550twe-BB	SAT	153	unknown	1199.980	1	44225044	10162885	16382	10462	5231
wap04a	dsp2_min	clingo550twe-usc	SAT	146	unknown	1199.983	1	15976193	4149987	8754	10462	5231
wap04a	dsp3_min	clingo550twe-BB	SAT	203	unknown	1199.977	1	37836175	8267637	14105	10462	600266
wap04a	dsp3_min	clingo550twe-usc	SAT	158	unknown	1199.991	1	14749216	3968032	8521	10462	600266
wap05a	dsp1_min	clingo550twe-BB	SAT	31	unknown	1199.991	1	146976956	41723678	65534	1810	905
wap05a	dsp1_min	clingo550twe-usc	SAT	29	unknown	1199.984	1	21316392	8979198	17976	1810	905
wap05a	dsp2_min	clingo550twe-BB	SAT	31	unknown	1199.986	1	145466985	41336919	65534	1810	905
wap05a	dsp2_min	clingo550twe-usc	SAT	29	unknown	1199.986	1	21289884	8967655	17976	1810	905
wap05a	dsp3_min	clingo550twe-BB	SAT	35	unknown	1199.980	1	130667689	37684758	65531	1810	87972
wap05a	dsp3_min	clingo550twe-usc	SAT	30	unknown	1199.992	1	22157487	9268616	18481	1810	87972
wap06a	dsp1_min	clingo550twe-BB	SAT	28	unknown	1199.986	1	128248779	37986296	65532	1894	947
wap06a	dsp1_min	clingo550twe-usc	SAT	29	unknown	1199.992	1	21181550	8493144	15932	1894	947
wap06a	dsp2_min	clingo550twe-BB	SAT	28	unknown	1199.983	1	128524748	38052967	65532	1894	947
wap06a	dsp2_min	clingo550twe-usc	SAT	29	unknown	1199.986	1	21155716	8483586	15897	1894	947
wap06a	dsp3_min	clingo550twe-BB	SAT	30	unknown	1199.970	1	136414644	39238663	65533	1894	89036
wap06a	dsp3_min	clingo550twe-usc	SAT	30	unknown	1199.993	1	19834672	7821186	16174	1894	89036
wap07a	dsp1_min	clingo550twe-BB	SAT	52	unknown	1199.982	1	109188846	27145599	45052	3618	1809
wap07a	dsp1_min	clingo550twe-usc	SAT	56	unknown	1199.983	1	14804142	5334921	11027	3618	1809
wap07a	dsp2_min	clingo550twe-BB	SAT	52	unknown	1199.977	1	109737424	27276615	45062	3618	1809
wap07a	dsp2_min	clingo550twe-usc	SAT	56	unknown	1199.981	1	14794602	5331565	11027	3618	1809
wap07a	dsp3_min	clingo550twe-BB	SAT	56	unknown	1199.961	1	100104966	25035424	40957	3618	210354
wap07a	dsp3_min	clingo550twe-usc	SAT	67	unknown	1199.994	1	19619756	6418640	12624	3618	210354
wap08a	dsp1_min	clingo550twe-BB	SAT	57	unknown	1199.979	1	106196206	26791661	40438	3740	1870
wap08a	dsp1_min	clingo550twe-usc	SAT	60	unknown	1199.991	1	15576323	6040162	11588	3740	1870
wap08a	dsp2_min	clingo550twe-BB	SAT	57	unknown	1199.985	1	106059860	26746792	40256	3740	1870
wap08a	dsp2_min	clingo550twe-usc	SAT	60	unknown	1199.977	1	15569615	6036347	11588	3740	1870
wap08a	dsp3_min	clingo550twe-BB	SAT	62	unknown	1199.976	1	97307531	23848837	38908	3740	212092
wap08a	dsp3_min	clingo550twe-usc	SAT	64	unknown	1199.991	1	14660883	5640586	11898	3740	212092
will199GPIA	dsp1_min	clingo550twe-BB	SAT	78	unknown	1199.980	1	124947096	51755362	79448	1402	701
will199GPIA	dsp1_min	clingo550twe-usc	SAT	84	unknown	1199.987	1	17314966	10329704	19923	1402	701
will199GPIA	dsp2_min	clingo550twe-BB	SAT	78	unknown	1199.981	1	124691866	51641984	79124	1402	701
will199GPIA	dsp2_min	clingo550twe-usc	SAT	84	unknown	1199.972	1	17284912	10309335	19923	1402	701
will199GPIA	dsp3_min	clingo550twe-BB	SAT	86	unknown	1199.982	1	107086307	41670413	66314	1402	14946
will199GPIA	dsp3_min	clingo550twe-usc	SAT	92	unknown	1199.981	1	17646944	9716451	18587	1402	14946
